boxModelID,dataContributors,coreName,S,SMin,SMax,STracer,SComment,M1,M2,M1Min,M1Max,MTracer,MComment,L1,L2,L1Min,L1Max,LTracer,LComment,WD,WDMax,WDMin,WDComment,lat,lat1,lat2,long,long1,long2,coordSource,coordComment,coringYear,coringMonth,coringYearEarliest,coringMonthEarliest,coringYearLatest,coringMonthLatest
BMID0001,Alperin et al. (1999) ,A,0.1000000000,NA,NA,239240Pu + 210Pb,NA,0.5500000000,NA,NA,NA,239240Pu + 210Pb,NA,18.0000000000,NA,NA,NA,239240Pu + 210Pb,NA,300.0000000000,NA,NA,NA,36.3330000000,NA,NA,NA,-75.0000000000,-74.5000000000,Fig 1 in alperin1999,NA,NA,NA,NA,NA,NA,NA
BMID0002,Alperin et al. (1999) ,B,0.1250000000,NA,NA,239240Pu + 210Pb,NA,1.2000000000,NA,NA,NA,239240Pu + 210Pb,NA,11.0000000000,NA,NA,NA,239240Pu + 210Pb,NA,500.0000000000,NA,NA,NA,36.3330000000,NA,NA,NA,-75.0000000000,-74.5000000000,Fig 1 in alperin1999,NA,NA,NA,NA,NA,NA,NA
BMID0003,Alperin et al. (1999) ,C,0.1250000000,NA,NA,239240Pu + 210Pb,NA,1.2500000000,NA,NA,NA,239240Pu + 210Pb,NA,25.0000000000,NA,NA,NA,239240Pu + 210Pb,NA,750.0000000000,NA,NA,NA,36.3330000000,NA,NA,NA,-75.0000000000,-74.5000000000,Fig 1 in alperin1999,NA,NA,NA,NA,NA,NA,NA
BMID0004,Alperin et al. (1999) ,D,0.0100000000,NA,NA,239240Pu + 210Pb,NA,0.5500000000,NA,NA,NA,239240Pu + 210Pb,NA,18.0000000000,NA,NA,NA,239240Pu + 210Pb,NA,1000.0000000000,NA,NA,NA,36.3330000000,NA,NA,NA,-75.0000000000,-74.5000000000,Fig 1 in alperin1999,NA,NA,NA,NA,NA,NA,NA
BMID0005,Alperin et al. (1999) ,1,0.0350000000,NA,NA,239240Pu + 210Pb,NA,50.5000000000,0.4500000000,NA,NA,239240Pu + 210Pb,M1 = 50 + M_2 ,1.6000000000,11.0000000000,NA,NA,239240Pu + 210Pb,L1 and L2 is where mixing drops to ten percent of M1 resp. M2,212.0000000000,NA,NA,NA,36.0670000000,NA,NA,NA,-75.0000000000,-74.5000000000,Fig 1 in alperin2002,NA,1993.0000000000,5.0000000000,NA,NA,NA,NA
BMID0006,Alperin et al. (1999) ,2,0.0950000000,NA,NA,239240Pu + 210Pb,NA,50.4000000000,0.4000000000,NA,NA,239240Pu + 210Pb,M1 = 50 + M_2 ,2.7000000000,20.0000000000,NA,NA,239240Pu + 210Pb,L1 and L2 is where mixing drops to ten percent of M1 resp. M2,296.0000000000,NA,NA,NA,36.3330000000,NA,NA,NA,-75.0000000000,-74.5000000000,Fig 1 in alperin2002,NA,1993.0000000000,9.0000000000,NA,NA,NA,NA
BMID0007,Alperin et al. (1999) ,3,0.0300000000,NA,NA,239240Pu + 210Pb,NA,52.0000000000,2.0000000000,NA,NA,239240Pu + 210Pb,M1 = 50 + M_2 ,2.2000000000,13.0000000000,NA,NA,239240Pu + 210Pb,L1 and L2 is where mixing drops to ten percent of M1 resp. M2,325.0000000000,NA,NA,NA,36.0670000000,NA,NA,NA,-75.0000000000,-74.5000000000,Fig 1 in alperin2002,NA,1993.0000000000,5.0000000000,NA,NA,NA,NA
BMID0008,Alperin et al. (1999) ,4,0.0350000000,NA,NA,239240Pu + 210Pb,NA,50.3000000000,0.3000000000,NA,NA,239240Pu + 210Pb,M1 = 50 + M_2 ,0.8200000000,8.8000000000,NA,NA,239240Pu + 210Pb,L1 and L2 is where mixing drops to ten percent of M1 resp. M2,455.0000000000,NA,NA,NA,36.0500000000,NA,NA,NA,-75.0000000000,-74.5000000000,Fig 1 in alperin2002,NA,1993.0000000000,5.0000000000,NA,NA,NA,NA
BMID0009,"DeVito (1981), Alperin et al. (2002)",5,0.1100000000,NA,NA,239240Pu + 210Pb,NA,50.7000000000,0.6500000000,NA,NA,239240Pu + 210Pb,M1 = 50 + M_2 ,1.6000000000,9.8000000000,NA,NA,239240Pu + 210Pb,L1 and L2 is where mixing drops to ten percent of M1 resp. M2,490.0000000000,NA,NA,NA,36.3330000000,NA,NA,NA,-75.0000000000,-74.5000000000,Fig 1 in alperin2002,NA,1980.0000000000,9.0000000000,NA,NA,NA,NA
BMID0010,"DeVito (1981), Alperin et al. (2002)",6,0.1000000000,NA,NA,239240Pu + 210Pb,NA,50.6000000000,0.6000000000,NA,NA,239240Pu + 210Pb,M1 = 50 + M_2 ,2.2000000000,9.8000000000,NA,NA,239240Pu + 210Pb,L1 and L2 is where mixing drops to ten percent of M1 resp. M2,532.0000000000,NA,NA,NA,36.3330000000,NA,NA,NA,-75.0000000000,-74.5000000000,Fig 1 in alperin2002,NA,1980.0000000000,9.0000000000,NA,NA,NA,NA
BMID0011,Alperin et al. (2002) ,7,0.1250000000,NA,NA,239240Pu + 210Pb,NA,51.2000000000,1.2000000000,NA,NA,239240Pu + 210Pb,M1 = 50 + M_2 ,1.1000000000,13.0000000000,NA,NA,239240Pu + 210Pb,L1 and L2 is where mixing drops to ten percent of M1 resp. M2,544.0000000000,NA,NA,NA,36.3330000000,NA,NA,NA,-75.0000000000,-74.5000000000,Fig 1 in alperin2002,NA,1993.0000000000,9.0000000000,NA,NA,NA,NA
BMID0012,Alperin et al. (2002) ,8,0.1300000000,NA,NA,239240Pu + 210Pb,NA,50.4000000000,0.4000000000,NA,NA,239240Pu + 210Pb,M1 = 50 + M_2 ,3.8000000000,22.0000000000,NA,NA,239240Pu + 210Pb,L1 and L2 is where mixing drops to ten percent of M1 resp. M2,607.0000000000,NA,NA,NA,35.8500000000,NA,NA,NA,-75.0000000000,-74.5000000000,Fig 1 in alperin2002,NA,1996.0000000000,8.0000000000,NA,NA,NA,NA
BMID0013,Alperin et al. (2002) ,9,0.4250000000,NA,NA,239240Pu + 210Pb,NA,55.2000000000,5.2000000000,NA,NA,239240Pu + 210Pb,M1 = 50 + M_2 ,4.5000000000,20.0000000000,NA,NA,239240Pu + 210Pb,L1 and L2 is where mixing drops to ten percent of M1 resp. M2,746.0000000000,NA,NA,NA,35.4170000000,NA,NA,NA,-75.0000000000,-74.5000000000,Fig 1 in alperin2002,NA,1996.0000000000,8.0000000000,NA,NA,NA,NA
BMID0014,Alperin et al. (2002) ,10,0.1150000000,NA,NA,239240Pu + 210Pb,NA,51.3000000000,1.3000000000,NA,NA,239240Pu + 210Pb,M1 = 50 + M_2 ,2.7000000000,27.0000000000,NA,NA,239240Pu + 210Pb,L1 and L2 is where mixing drops to ten percent of M1 resp. M2,752.0000000000,NA,NA,NA,36.3330000000,NA,NA,NA,-75.0000000000,-74.5000000000,Fig 1 in alperin2002,NA,1993.0000000000,9.0000000000,NA,NA,NA,NA
BMID0015,Alperin et al. (2002) ,11,0.0600000000,NA,NA,239240Pu + 210Pb,NA,52.8000000000,2.8000000000,NA,NA,239240Pu + 210Pb,M1 = 50 + M_2 ,1.6000000000,21.0000000000,NA,NA,239240Pu + 210Pb,L1 and L2 is where mixing drops to ten percent of M1 resp. M2,850.0000000000,NA,NA,NA,36.0830000000,NA,NA,NA,-75.0000000000,-74.5000000000,Fig 1 in alperin2002,NA,1993.0000000000,5.0000000000,NA,NA,NA,NA
BMID0016,Alperin et al. (2002) ,12,0.0100000000,NA,NA,239240Pu + 210Pb,NA,50.6000000000,0.5500000000,NA,NA,239240Pu + 210Pb,M1 = 50 + M_2 ,2.2000000000,16.0000000000,NA,NA,239240Pu + 210Pb,L1 and L2 is where mixing drops to ten percent of M1 resp. M2,1000.0000000000,NA,NA,NA,36.3330000000,NA,NA,NA,-75.0000000000,-74.5000000000,Fig 1 in alperin2002,NA,1993.0000000000,9.0000000000,NA,NA,NA,NA
BMID0017,Buffoni et al. (1992) ,NOAMP H1,0.0020000000,NA,NA,14C,NA,0.2000000000,NA,NA,NA,239240Pu,continuous flux,7.3000000000,NA,NA,NA,14C,NA,4060.0000000000,NA,NA,NA,47.3500000000,NA,NA,-19.7180000000,NA,NA,NA,NA,NA,NA,1984.0000000000,NA,1985.0000000000,NA
BMID0018,Buffoni et al. (1992) ,NEA-D S3,0.0030000000,NA,NA,14C,NA,1.0000000000,NA,NA,NA,239240Pu,continuous flux,6.7000000000,NA,NA,NA,14C,NA,4720.0000000000,NA,NA,NA,46.0020000000,NA,NA,-17.1680000000,NA,NA,NA,NA,NA,NA,1984.0000000000,NA,1985.0000000000,NA
BMID0019,Buffoni et al. (1992) ,GME 42,0.0010000000,NA,NA,14C,NA,0.3000000000,NA,NA,NA,239240Pu,continuous flux,7.2000000000,NA,NA,NA,14C,NA,5270.0000000000,NA,NA,NA,31.4120000000,NA,NA,-25.2240000000,NA,NA,NA,NA,NA,NA,1984.0000000000,NA,1985.0000000000,NA
BMID0020,Carpenter et al. (1982) ,quinault canyon 1,0.2040000000,NA,NA,210Pb,based on mass accumulation rate and density of 2.5 g/cm^3,61.0000000000,NA,NA,NA,210Pb,NA,NA,NA,6.0000000000,10.0000000000,210Pb,NA,210.0000000000,NA,NA,NA,NA,46.0000000000,47.5000000000,NA,-124.0000000000,-125.3330000000,Fig 5 in carpenter1982,NA,NA,NA,NA,NA,NA,NA
BMID0021,Carpenter et al. (1982) ,quinault canyon 2,0.1440000000,NA,NA,210Pb,based on mass accumulation rate and density of 2.5 g/cm^3,16.0000000000,NA,NA,NA,210Pb,NA,NA,NA,6.0000000000,10.0000000000,210Pb,NA,680.0000000000,NA,NA,NA,NA,46.0000000000,47.5000000000,NA,-124.0000000000,-125.3330000000,Fig 5 in carpenter1982,NA,NA,NA,NA,NA,NA,NA
BMID0022,Carpenter et al. (1982) ,quinault canyon 4,0.0560000000,NA,NA,210Pb,based on mass accumulation rate and density of 2.5 g/cm^3,34.0000000000,NA,NA,NA,210Pb,,NA,NA,6.0000000000,10.0000000000,210Pb,NA,1060.0000000000,NA,NA,NA,NA,46.0000000000,47.5000000000,NA,-124.0000000000,-125.3330000000,Fig 5 in carpenter1982,NA,NA,NA,NA,NA,NA,NA
BMID0023,Carpenter et al. (1982) ,quinault canyon 5,0.0480000000,NA,NA,210Pb,based on mass accumulation rate and density of 2.5 g/cm^3,0.2500000000,NA,NA,NA,210Pb,NA,NA,NA,6.0000000000,10.0000000000,210Pb,NA,1320.0000000000,NA,NA,NA,NA,46.0000000000,47.5000000000,NA,-124.0000000000,-125.3330000000,Fig 5 in carpenter1982,NA,NA,NA,NA,NA,NA,NA
BMID0024,Carpenter et al. (1982) ,grays canyon 1,0.0480000000,NA,NA,210Pb,based on mass accumulation rate and density of 2.5 g/cm^3,3.6000000000,NA,NA,NA,210Pb,NA,NA,NA,6.0000000000,10.0000000000,210Pb,NA,387.0000000000,NA,NA,NA,NA,46.0000000000,47.5000000000,NA,-124.0000000000,-125.3330000000,Fig 5 in carpenter1982,NA,NA,NA,NA,NA,NA,NA
BMID0025,Carpenter et al. (1982) ,grays canyon 2,0.1040000000,NA,NA,210Pb,based on mass accumulation rate and density of 2.5 g/cm^3,71.0000000000,NA,NA,NA,210Pb,NA,NA,NA,6.0000000000,10.0000000000,210Pb,NA,775.0000000000,NA,NA,NA,NA,46.0000000000,47.5000000000,NA,-124.0000000000,-125.3330000000,Fig 5 in carpenter1982,NA,NA,NA,NA,NA,NA,NA
BMID0026,Carpenter et al. (1982) ,grays canyon 3,0.0060000000,NA,NA,210Pb,based on mass accumulation rate and density of 2.5 g/cm^3,0.1200000000,NA,NA,NA,210Pb,NA,NA,NA,6.0000000000,10.0000000000,210Pb,NA,1010.0000000000,NA,NA,NA,NA,46.0000000000,47.5000000000,NA,-124.0000000000,-125.3330000000,Fig 5 in carpenter1982,NA,NA,NA,NA,NA,NA,NA
BMID0027,Carpenter et al. (1982) ,grays canyon 6,0.0520000000,NA,NA,210Pb,based on mass accumulation rate and density of 2.5 g/cm^3,13.0000000000,NA,NA,NA,210Pb,NA,NA,NA,6.0000000000,10.0000000000,210Pb,NA,1580.0000000000,NA,NA,NA,NA,46.0000000000,47.5000000000,NA,-124.0000000000,-125.3330000000,Fig 5 in carpenter1982,NA,NA,NA,NA,NA,NA,NA
BMID0028,Carpenter et al. (1982) ,grays canyon 7,0.0220000000,NA,NA,210Pb,based on mass accumulation rate and density of 2.5 g/cm^3,4.4000000000,NA,NA,NA,210Pb,NA,NA,NA,6.0000000000,10.0000000000,210Pb,NA,1680.0000000000,NA,NA,NA,NA,46.0000000000,47.5000000000,NA,-124.0000000000,-125.3330000000,Fig 5 in carpenter1982,NA,NA,NA,NA,NA,NA,NA
BMID0029,Carpenter et al. (1982) ,willapa canyon 1,0.0350000000,NA,NA,210Pb,based on mass accumulation rate and density of 2.5 g/cm^3,3.9000000000,NA,NA,NA,210Pb,NA,NA,NA,6.0000000000,10.0000000000,210Pb,NA,258.0000000000,NA,NA,NA,NA,46.0000000000,47.5000000000,NA,-124.0000000000,-125.3330000000,Fig 5 in carpenter1982,NA,NA,NA,NA,NA,NA,NA
BMID0030,Carpenter et al. (1982) ,willapa canyon 3,0.0640000000,NA,NA,210Pb,based on mass accumulation rate and density of 2.5 g/cm^3,3.4000000000,NA,NA,NA,210Pb,NA,NA,NA,6.0000000000,10.0000000000,210Pb,NA,785.0000000000,NA,NA,NA,NA,46.0000000000,47.5000000000,NA,-124.0000000000,-125.3330000000,Fig 5 in carpenter1982,NA,NA,NA,NA,NA,NA,NA
BMID0031,Carpenter et al. (1982) ,astoria canyon 1,0.1640000000,NA,NA,210Pb,based on mass accumulation rate and density of 2.5 g/cm^3,14.0000000000,NA,NA,NA,210Pb,NA,NA,NA,6.0000000000,10.0000000000,210Pb,NA,290.0000000000,NA,NA,NA,NA,46.0000000000,47.5000000000,NA,-124.0000000000,-125.3330000000,Fig 5 in carpenter1982,NA,NA,NA,NA,NA,NA,NA
BMID0032,Carpenter et al. (1982) ,astoria canyon 2,0.3160000000,NA,NA,210Pb,based on mass accumulation rate and density of 2.5 g/cm^3,140.0000000000,NA,NA,NA,210Pb,NA,NA,NA,6.0000000000,10.0000000000,210Pb,NA,380.0000000000,NA,NA,NA,NA,46.0000000000,47.5000000000,NA,-124.0000000000,-125.3330000000,Fig 5 in carpenter1982,NA,NA,NA,NA,NA,NA,NA
BMID0033,Carpenter et al. (1982) ,astoria canyon 3,0.3680000000,NA,NA,210Pb,based on mass accumulation rate and density of 2.5 g/cm^3,180.0000000000,NA,NA,NA,210Pb,NA,NA,NA,6.0000000000,10.0000000000,210Pb,NA,477.0000000000,NA,NA,NA,NA,46.0000000000,47.5000000000,NA,-124.0000000000,-125.3330000000,Fig 5 in carpenter1982,NA,NA,NA,NA,NA,NA,NA
BMID0034,Carpenter et al. (1982) ,astoria canyon 5,0.2240000000,NA,NA,210Pb,based on mass accumulation rate and density of 2.5 g/cm^3,120.0000000000,NA,NA,NA,210Pb,NA,NA,NA,6.0000000000,10.0000000000,210Pb,NA,540.0000000000,NA,NA,NA,NA,46.0000000000,47.5000000000,NA,-124.0000000000,-125.3330000000,Fig 5 in carpenter1982,NA,NA,NA,NA,NA,NA,NA
BMID0035,Carpenter et al. (1982) ,astoria canyon 6,0.0120000000,NA,NA,210Pb,based on mass accumulation rate and density of 2.5 g/cm^3,0.8100000000,NA,NA,NA,210Pb,NA,NA,NA,6.0000000000,10.0000000000,210Pb,NA,627.0000000000,NA,NA,NA,NA,46.0000000000,47.5000000000,NA,-124.0000000000,-125.3330000000,Fig 5 in carpenter1982,NA,NA,NA,NA,NA,NA,NA
BMID0036,Carpenter et al. (1982) ,astoria canyon 7,0.2200000000,NA,NA,210Pb,based on mass accumulation rate and density of 2.5 g/cm^3,220.0000000000,NA,NA,NA,210Pb,NA,NA,NA,6.0000000000,10.0000000000,210Pb,NA,750.0000000000,NA,NA,NA,NA,46.0000000000,47.5000000000,NA,-124.0000000000,-125.3330000000,Fig 5 in carpenter1982,NA,NA,NA,NA,NA,NA,NA
BMID0037,Carpenter et al. (1982) ,copalis beach 1,0.0100000000,NA,NA,210Pb,based on mass accumulation rate and density of 2.5 g/cm^3,0.2500000000,NA,NA,NA,210Pb,NA,NA,NA,6.0000000000,10.0000000000,210Pb,NA,464.0000000000,NA,NA,NA,NA,46.0000000000,47.5000000000,NA,-124.0000000000,-125.3330000000,Fig 5 in carpenter1982,NA,NA,NA,NA,NA,NA,NA
BMID0038,Carpenter et al. (1982) ,copalis beach 8,0.0160000000,NA,NA,210Pb,based on mass accumulation rate and density of 2.5 g/cm^3,0.6800000000,NA,NA,NA,210Pb,NA,NA,NA,6.0000000000,10.0000000000,210Pb,NA,1620.0000000000,NA,NA,NA,NA,46.0000000000,47.5000000000,NA,-124.0000000000,-125.3330000000,Fig 5 in carpenter1982,NA,NA,NA,NA,NA,NA,NA
BMID0039,Carpenter et al. (1982) ,south grays harbor 1,0.0290000000,NA,NA,210Pb,based on mass accumulation rate and density of 2.5 g/cm^3,9.8000000000,NA,NA,NA,210Pb,NA,NA,NA,6.0000000000,10.0000000000,210Pb,NA,610.0000000000,NA,NA,NA,NA,46.0000000000,47.5000000000,NA,-124.0000000000,-125.3330000000,Fig 5 in carpenter1982,NA,NA,NA,NA,NA,NA,NA
BMID0040,Carpenter et al. (1982) ,south grays harbor 3,0.0300000000,NA,NA,210Pb,based on mass accumulation rate and density of 2.5 g/cm^3,1.4000000000,NA,NA,NA,210Pb,NA,NA,NA,6.0000000000,10.0000000000,210Pb,NA,668.0000000000,NA,NA,NA,NA,46.0000000000,47.5000000000,NA,-124.0000000000,-125.3330000000,Fig 5 in carpenter1982,NA,NA,NA,NA,NA,NA,NA
BMID0041,Carpenter et al. (1982) ,south grays harbor 5,0.0070000000,NA,NA,210Pb,based on mass accumulation rate and density of 2.5 g/cm^3,1.8000000000,NA,NA,NA,210Pb,NA,NA,NA,6.0000000000,10.0000000000,210Pb,NA,1010.0000000000,NA,NA,NA,NA,46.0000000000,47.5000000000,NA,-124.0000000000,-125.3330000000,Fig 5 in carpenter1982,NA,NA,NA,NA,NA,NA,NA
BMID0042,Carpenter et al. (1982) ,willapa bay 1,0.0280000000,NA,NA,210Pb,based on mass accumulation rate and density of 2.5 g/cm^3,0.8000000000,NA,NA,NA,210Pb,NA,NA,NA,6.0000000000,10.0000000000,210Pb,NA,237.0000000000,NA,NA,NA,NA,46.0000000000,47.5000000000,NA,-124.0000000000,-125.3330000000,Fig 5 in carpenter1982,NA,NA,NA,NA,NA,NA,NA
BMID0043,Carpenter et al. (1982) ,willapa bay 2,0.0250000000,NA,NA,210Pb,based on mass accumulation rate and density of 2.5 g/cm^3,0.4700000000,NA,NA,NA,210Pb,NA,NA,NA,6.0000000000,10.0000000000,210Pb,NA,545.0000000000,NA,NA,NA,NA,46.0000000000,47.5000000000,NA,-124.0000000000,-125.3330000000,Fig 5 in carpenter1982,NA,NA,NA,NA,NA,NA,NA
BMID0044,Carpenter et al. (1982) ,willapa bay 3,0.0360000000,NA,NA,210Pb,based on mass accumulation rate and density of 2.5 g/cm^3,9.6000000000,NA,NA,NA,210Pb,NA,NA,NA,6.0000000000,10.0000000000,210Pb,NA,654.0000000000,NA,NA,NA,NA,46.0000000000,47.5000000000,NA,-124.0000000000,-125.3330000000,Fig 5 in carpenter1982,NA,NA,NA,NA,NA,NA,NA
BMID0045,Carpenter et al. (1982) ,willapa bay 4,0.0130000000,NA,NA,210Pb,based on mass accumulation rate and density of 2.5 g/cm^3,0.7200000000,NA,NA,NA,210Pb,NA,NA,NA,6.0000000000,10.0000000000,210Pb,NA,784.0000000000,NA,NA,NA,NA,46.0000000000,47.5000000000,NA,-124.0000000000,-125.3330000000,Fig 5 in carpenter1982,NA,NA,NA,NA,NA,NA,NA
BMID0046,Carpenter et al. (1982) ,willapa bay 6,0.0200000000,NA,NA,210Pb,based on mass accumulation rate and density of 2.5 g/cm^3,0.7600000000,NA,NA,NA,210Pb,NA,NA,NA,6.0000000000,10.0000000000,210Pb,NA,989.0000000000,NA,NA,NA,NA,46.0000000000,47.5000000000,NA,-124.0000000000,-125.3330000000,Fig 5 in carpenter1982,NA,NA,NA,NA,NA,NA,NA
BMID0047,Carpenter et al. (1982) ,willapa bay 10,0.0110000000,NA,NA,210Pb,based on mass accumulation rate and density of 2.5 g/cm^3,3.8000000000,NA,NA,NA,210Pb,NA,NA,NA,6.0000000000,10.0000000000,210Pb,NA,1930.0000000000,NA,NA,NA,NA,46.0000000000,47.5000000000,NA,-124.0000000000,-125.3330000000,Fig 5 in carpenter1982,NA,NA,NA,NA,NA,NA,NA
BMID0048,Carpenter et al. (1985),66,0.3600000000,NA,NA,210Pb,NA,2.9000000000,NA,NA,NA,210Pb,NA,7.5000000000,NA,NA,NA,210Pb,NA,29.0000000000,NA,NA,NA,NA,47.0000000000,49.0000000000,NA,-122.0000000000,-123.6670000000,Fig 1 in carpenter 1985,NA,NA,NA,1975.0000000000,NA,1983.0000000000,NA
BMID0049,Carpenter et al. (1985),67,0.3400000000,NA,NA,210Pb,NA,NA,NA,13.0000000000,NA,210Pb,NA,4.1000000000,NA,NA,NA,210Pb,NA,51.0000000000,NA,NA,NA,NA,47.0000000000,49.0000000000,NA,-122.0000000000,-123.6670000000,Fig 1 in carpenter 1985,NA,NA,NA,1975.0000000000,NA,1983.0000000000,NA
BMID0050,Carpenter et al. (1985),68,0.1400000000,NA,NA,210Pb,NA,NA,NA,5.1000000000,NA,210Pb,NA,2.0000000000,NA,NA,NA,210Pb,NA,74.0000000000,NA,NA,NA,NA,47.0000000000,49.0000000000,NA,-122.0000000000,-123.6670000000,Fig 1 in carpenter 1985,NA,NA,NA,1975.0000000000,NA,1983.0000000000,NA
BMID0051,Carpenter et al. (1985),69,0.1900000000,NA,NA,210Pb,NA,8.4000000000,NA,NA,NA,210Pb,NA,11.0000000000,NA,NA,NA,210Pb,NA,57.0000000000,NA,NA,NA,NA,47.0000000000,49.0000000000,NA,-122.0000000000,-123.6670000000,Fig 1 in carpenter 1985,NA,NA,NA,1975.0000000000,NA,1983.0000000000,NA
BMID0052,Carpenter et al. (1985),70,0.1900000000,NA,NA,210Pb,NA,7.4000000000,NA,NA,NA,210Pb,NA,9.8000000000,NA,NA,NA,210Pb,NA,47.0000000000,NA,NA,NA,NA,47.0000000000,49.0000000000,NA,-122.0000000000,-123.6670000000,Fig 1 in carpenter 1985,NA,NA,NA,1975.0000000000,NA,1983.0000000000,NA
BMID0053,Carpenter et al. (1985),72,0.2900000000,NA,NA,210Pb,NA,10.0000000000,NA,NA,NA,210Pb,NA,8.0000000000,NA,NA,NA,210Pb,NA,36.0000000000,NA,NA,NA,NA,47.0000000000,49.0000000000,NA,-122.0000000000,-123.6670000000,Fig 1 in carpenter 1985,NA,NA,NA,1975.0000000000,NA,1983.0000000000,NA
BMID0054,Carpenter et al. (1985),73,0.3600000000,NA,NA,210Pb,NA,6.2000000000,NA,NA,NA,210Pb,NA,13.0000000000,NA,NA,NA,210Pb,NA,23.0000000000,NA,NA,NA,NA,47.0000000000,49.0000000000,NA,-122.0000000000,-123.6670000000,Fig 1 in carpenter 1985,NA,NA,NA,1975.0000000000,NA,1983.0000000000,NA
BMID0055,Carpenter et al. (1985),92,0.2600000000,NA,NA,210Pb,NA,NA,NA,23.0000000000,NA,210Pb,NA,7.9000000000,NA,NA,NA,210Pb,NA,75.0000000000,NA,NA,NA,NA,47.0000000000,49.0000000000,NA,-122.0000000000,-123.6670000000,Fig 1 in carpenter 1985,NA,NA,NA,1975.0000000000,NA,1983.0000000000,NA
BMID0056,Carpenter et al. (1985),93 no 1,0.6700000000,NA,NA,210Pb,NA,31.0000000000,NA,NA,NA,210Pb,NA,14.0000000000,NA,NA,NA,210Pb,NA,6.0000000000,NA,NA,NA,NA,47.0000000000,49.0000000000,NA,-122.0000000000,-123.6670000000,Fig 1 in carpenter 1985,NA,NA,NA,1975.0000000000,NA,1983.0000000000,NA
BMID0057,Carpenter et al. (1985),93 no 2,1.0000000000,NA,NA,210Pb,NA,33.0000000000,NA,NA,NA,210Pb,NA,12.0000000000,NA,NA,NA,210Pb,NA,6.0000000000,NA,NA,NA,NA,47.0000000000,49.0000000000,NA,-122.0000000000,-123.6670000000,Fig 1 in carpenter 1985,NA,NA,NA,1975.0000000000,NA,1983.0000000000,NA
BMID0058,Carpenter et al. (1985),65 no 1,0.0400000000,NA,NA,210Pb,NA,8.4000000000,NA,NA,NA,210Pb,NA,10.0000000000,NA,NA,NA,210Pb,NA,86.0000000000,NA,NA,NA,NA,47.0000000000,49.0000000000,NA,-122.0000000000,-123.6670000000,Fig 1 in carpenter 1985,NA,NA,NA,1975.0000000000,NA,1983.0000000000,NA
BMID0059,Carpenter et al. (1985),65 no 2,0.0800000000,NA,NA,210Pb,NA,NA,NA,5.0000000000,NA,210Pb,NA,4.7000000000,NA,NA,NA,210Pb,NA,86.0000000000,NA,NA,NA,NA,47.0000000000,49.0000000000,NA,-122.0000000000,-123.6670000000,Fig 1 in carpenter 1985,NA,NA,NA,1975.0000000000,NA,1983.0000000000,NA
BMID0060,Carpenter et al. (1985),77,0.0500000000,NA,NA,210Pb,NA,21.0000000000,NA,NA,NA,210Pb,NA,22.0000000000,NA,NA,NA,210Pb,NA,19.0000000000,NA,NA,NA,NA,47.0000000000,49.0000000000,NA,-122.0000000000,-123.6670000000,Fig 1 in carpenter 1985,NA,NA,NA,1975.0000000000,NA,1983.0000000000,NA
BMID0061,Carpenter et al. (1985),78,0.2000000000,NA,NA,210Pb,NA,NA,NA,32.0000000000,NA,210Pb,NA,15.0000000000,NA,NA,NA,210Pb,NA,62.0000000000,NA,NA,NA,NA,47.0000000000,49.0000000000,NA,-122.0000000000,-123.6670000000,Fig 1 in carpenter 1985,NA,NA,NA,1975.0000000000,NA,1983.0000000000,NA
BMID0062,Carpenter et al. (1985),79 no 1,0.8800000000,NA,NA,210Pb,NA,NA,NA,66.0000000000,NA,210Pb,NA,6.7000000000,NA,NA,NA,210Pb,NA,28.0000000000,NA,NA,NA,NA,47.0000000000,49.0000000000,NA,-122.0000000000,-123.6670000000,Fig 1 in carpenter 1985,NA,NA,NA,1975.0000000000,NA,1983.0000000000,NA
BMID0063,Carpenter et al. (1985),79 no 2,1.0000000000,NA,NA,210Pb,NA,NA,NA,150.0000000000,NA,210Pb,NA,13.0000000000,NA,NA,NA,210Pb,NA,28.0000000000,NA,NA,NA,NA,47.0000000000,49.0000000000,NA,-122.0000000000,-123.6670000000,Fig 1 in carpenter 1985,NA,NA,NA,1975.0000000000,NA,1983.0000000000,NA
BMID0064,Carpenter et al. (1985),98 no 1,0.7200000000,NA,NA,210Pb,NA,NA,NA,94.0000000000,NA,210Pb,NA,15.0000000000,NA,NA,NA,210Pb,NA,116.0000000000,NA,NA,NA,NA,47.0000000000,49.0000000000,NA,-122.0000000000,-123.6670000000,Fig 1 in carpenter 1985,NA,NA,NA,1975.0000000000,NA,1983.0000000000,NA
BMID0065,Carpenter et al. (1985),98 no 2,1.2000000000,NA,NA,210Pb,NA,NA,NA,110.0000000000,NA,210Pb,NA,10.0000000000,NA,NA,NA,210Pb,NA,104.0000000000,NA,NA,NA,NA,47.0000000000,49.0000000000,NA,-122.0000000000,-123.6670000000,Fig 1 in carpenter 1985,NA,NA,NA,1975.0000000000,NA,1983.0000000000,NA
BMID0066,Carpenter et al. (1985),62,0.1600000000,NA,NA,210Pb,NA,6.5000000000,NA,NA,NA,210Pb,NA,10.0000000000,NA,NA,NA,210Pb,NA,200.0000000000,NA,NA,NA,NA,47.0000000000,49.0000000000,NA,-122.0000000000,-123.6670000000,Fig 1 in carpenter 1985,NA,NA,NA,1975.0000000000,NA,1983.0000000000,NA
BMID0067,Carpenter et al. (1985),61 no 1,0.3600000000,NA,NA,210Pb,NA,NA,NA,30.0000000000,NA,210Pb,NA,8.0000000000,NA,NA,NA,210Pb,NA,170.0000000000,NA,NA,NA,NA,47.0000000000,49.0000000000,NA,-122.0000000000,-123.6670000000,Fig 1 in carpenter 1985,NA,NA,NA,1975.0000000000,NA,1983.0000000000,NA
BMID0068,Carpenter et al. (1985),61 no 2,0.5600000000,NA,NA,210Pb,NA,NA,NA,51.0000000000,NA,210Pb,NA,10.0000000000,NA,NA,NA,210Pb,NA,171.0000000000,NA,NA,NA,NA,47.0000000000,49.0000000000,NA,-122.0000000000,-123.6670000000,Fig 1 in carpenter 1985,NA,NA,NA,1975.0000000000,NA,1983.0000000000,NA
BMID0069,Carpenter et al. (1985),51 no 1,0.4100000000,NA,NA,210Pb,NA,1.7000000000,NA,NA,NA,210Pb,NA,6.0000000000,NA,NA,NA,210Pb,NA,246.0000000000,NA,NA,NA,NA,47.0000000000,49.0000000000,NA,-122.0000000000,-123.6670000000,Fig 1 in carpenter 1985,NA,NA,NA,1975.0000000000,NA,1983.0000000000,NA
BMID0070,Carpenter et al. (1985),51 no 2,0.1200000000,NA,NA,210Pb,NA,0.9200000000,NA,NA,NA,210Pb,NA,5.2000000000,NA,NA,NA,210Pb,NA,249.0000000000,NA,NA,NA,NA,47.0000000000,49.0000000000,NA,-122.0000000000,-123.6670000000,Fig 1 in carpenter 1985,NA,NA,NA,1975.0000000000,NA,1983.0000000000,NA
BMID0071,Carpenter et al. (1985),51 no 3,0.1700000000,NA,NA,210Pb,NA,NA,NA,17.0000000000,NA,210Pb,NA,6.3000000000,NA,NA,NA,210Pb,NA,288.0000000000,NA,NA,NA,NA,47.0000000000,49.0000000000,NA,-122.0000000000,-123.6670000000,Fig 1 in carpenter 1985,NA,NA,NA,1975.0000000000,NA,1983.0000000000,NA
BMID0072,Carpenter et al. (1985),51 no 4,0.1400000000,NA,NA,210Pb,NA,NA,NA,13.0000000000,NA,210Pb,NA,10.0000000000,NA,NA,NA,210Pb,NA,284.0000000000,NA,NA,NA,NA,47.0000000000,49.0000000000,NA,-122.0000000000,-123.6670000000,Fig 1 in carpenter 1985,NA,NA,NA,1975.0000000000,NA,1983.0000000000,NA
BMID0073,Carpenter et al. (1985),C,2.4000000000,NA,NA,210Pb,NA,NA,NA,310.0000000000,NA,210Pb,NA,10.0000000000,NA,NA,NA,210Pb,NA,212.0000000000,NA,NA,NA,NA,47.0000000000,49.0000000000,NA,-122.0000000000,-123.6670000000,Fig 1 in carpenter 1985,NA,NA,NA,1975.0000000000,NA,1983.0000000000,NA
BMID0074,Carpenter et al. (1985),56 no 1,1.8000000000,NA,NA,210Pb,NA,5.6000000000,NA,NA,NA,210Pb,NA,4.0000000000,NA,NA,NA,210Pb,NA,198.0000000000,NA,NA,NA,NA,47.0000000000,49.0000000000,NA,-122.0000000000,-123.6670000000,Fig 1 in carpenter 1985,NA,NA,NA,1975.0000000000,NA,1983.0000000000,NA
BMID0075,Carpenter et al. (1985),56 no 2,1.8000000000,NA,NA,210Pb,NA,NA,NA,370.0000000000,NA,210Pb,NA,18.0000000000,NA,NA,NA,210Pb,NA,196.0000000000,NA,NA,NA,NA,47.0000000000,49.0000000000,NA,-122.0000000000,-123.6670000000,Fig 1 in carpenter 1985,NA,NA,NA,1975.0000000000,NA,1983.0000000000,NA
BMID0076,Carpenter et al. (1985),56 no 3,1.4000000000,NA,NA,210Pb,NA,NA,NA,220.0000000000,NA,210Pb,NA,12.0000000000,NA,NA,NA,210Pb,NA,199.0000000000,NA,NA,NA,NA,47.0000000000,49.0000000000,NA,-122.0000000000,-123.6670000000,Fig 1 in carpenter 1985,NA,NA,NA,1975.0000000000,NA,1983.0000000000,NA
BMID0077,Carpenter et al. (1985),A,1.4000000000,NA,NA,210Pb,NA,27.0000000000,NA,NA,NA,210Pb,NA,12.0000000000,NA,NA,NA,210Pb,NA,195.0000000000,NA,NA,NA,NA,47.0000000000,49.0000000000,NA,-122.0000000000,-123.6670000000,Fig 1 in carpenter 1985,NA,NA,NA,1975.0000000000,NA,1983.0000000000,NA
BMID0078,Carpenter et al. (1985),57 no 1,0.5800000000,NA,NA,210Pb,NA,NA,NA,46.0000000000,NA,210Pb,NA,8.5000000000,NA,NA,NA,210Pb,NA,175.0000000000,NA,NA,NA,NA,47.0000000000,49.0000000000,NA,-122.0000000000,-123.6670000000,Fig 1 in carpenter 1985,NA,NA,NA,1975.0000000000,NA,1983.0000000000,NA
BMID0079,Carpenter et al. (1985),57 no 2,0.2500000000,NA,NA,210Pb,NA,NA,NA,20.0000000000,NA,210Pb,NA,6.3000000000,NA,NA,NA,210Pb,NA,176.0000000000,NA,NA,NA,NA,47.0000000000,49.0000000000,NA,-122.0000000000,-123.6670000000,Fig 1 in carpenter 1985,NA,NA,NA,1975.0000000000,NA,1983.0000000000,NA
BMID0080,Carpenter et al. (1985),60,0.1600000000,NA,NA,210Pb,NA,NA,NA,18.0000000000,NA,210Pb,NA,11.0000000000,NA,NA,NA,210Pb,NA,120.0000000000,NA,NA,NA,NA,47.0000000000,49.0000000000,NA,-122.0000000000,-123.6670000000,Fig 1 in carpenter 1985,NA,NA,NA,1975.0000000000,NA,1983.0000000000,NA
BMID0081,Carpenter et al. (1985),52,0.1100000000,NA,NA,210Pb,NA,6.7000000000,NA,NA,NA,210Pb,NA,7.3000000000,NA,NA,NA,210Pb,NA,13.0000000000,NA,NA,NA,NA,47.0000000000,49.0000000000,NA,-122.0000000000,-123.6670000000,Fig 1 in carpenter 1985,NA,NA,NA,1975.0000000000,NA,1983.0000000000,NA
BMID0082,Carpenter et al. (1985),39 no 1,0.1600000000,NA,NA,210Pb,NA,6.0000000000,NA,NA,NA,210Pb,NA,11.0000000000,NA,NA,NA,210Pb,NA,13.0000000000,NA,NA,NA,NA,47.0000000000,49.0000000000,NA,-122.0000000000,-123.6670000000,Fig 1 in carpenter 1985,NA,NA,NA,1975.0000000000,NA,1983.0000000000,NA
BMID0083,Carpenter et al. (1985),39 no 2,0.3000000000,NA,NA,210Pb,NA,10.0000000000,NA,NA,NA,210Pb,NA,8.0000000000,NA,NA,NA,210Pb,NA,13.0000000000,NA,NA,NA,NA,47.0000000000,49.0000000000,NA,-122.0000000000,-123.6670000000,Fig 1 in carpenter 1985,NA,NA,NA,1975.0000000000,NA,1983.0000000000,NA
BMID0084,Carpenter et al. (1985),39 no 3,0.2000000000,NA,NA,210Pb,NA,NA,NA,25.0000000000,NA,210Pb,NA,9.8000000000,NA,NA,NA,210Pb,NA,13.0000000000,NA,NA,NA,NA,47.0000000000,49.0000000000,NA,-122.0000000000,-123.6670000000,Fig 1 in carpenter 1985,NA,NA,NA,1975.0000000000,NA,1983.0000000000,NA
BMID0085,Carpenter et al. (1985),82,0.3000000000,NA,NA,210Pb,NA,NA,NA,32.0000000000,NA,210Pb,NA,11.0000000000,NA,NA,NA,210Pb,NA,70.0000000000,NA,NA,NA,NA,47.0000000000,49.0000000000,NA,-122.0000000000,-123.6670000000,Fig 1 in carpenter 1985,NA,NA,NA,1975.0000000000,NA,1983.0000000000,NA
BMID0086,Carpenter et al. (1985),E no 1,0.2000000000,NA,NA,210Pb,NA,11.0000000000,NA,NA,NA,210Pb,NA,10.0000000000,NA,NA,NA,210Pb,NA,107.0000000000,NA,NA,NA,NA,47.0000000000,49.0000000000,NA,-122.0000000000,-123.6670000000,Fig 1 in carpenter 1985,NA,NA,NA,1975.0000000000,NA,1983.0000000000,NA
BMID0087,Carpenter et al. (1985),E no 2,0.2800000000,NA,NA,210Pb,NA,6.5000000000,NA,NA,NA,210Pb,NA,12.0000000000,NA,NA,NA,210Pb,NA,107.0000000000,NA,NA,NA,NA,47.0000000000,49.0000000000,NA,-122.0000000000,-123.6670000000,Fig 1 in carpenter 1985,NA,NA,NA,1975.0000000000,NA,1983.0000000000,NA
BMID0088,Carpenter et al. (1985),E no 3,0.2700000000,NA,NA,210Pb,NA,2.0000000000,NA,NA,NA,210Pb,NA,14.0000000000,NA,NA,NA,210Pb,NA,107.0000000000,NA,NA,NA,NA,47.0000000000,49.0000000000,NA,-122.0000000000,-123.6670000000,Fig 1 in carpenter 1985,NA,NA,NA,1975.0000000000,NA,1983.0000000000,NA
BMID0089,Carpenter et al. (1985),E no 4,0.2000000000,NA,NA,210Pb,NA,28.0000000000,NA,NA,NA,210Pb,NA,15.0000000000,NA,NA,NA,210Pb,NA,107.0000000000,NA,NA,NA,NA,47.0000000000,49.0000000000,NA,-122.0000000000,-123.6670000000,Fig 1 in carpenter 1985,NA,NA,NA,1975.0000000000,NA,1983.0000000000,NA
BMID0090,Carpenter et al. (1985),E no 5,0.1700000000,NA,NA,210Pb,NA,5.3000000000,NA,NA,NA,210Pb,NA,16.0000000000,NA,NA,NA,210Pb,NA,107.0000000000,NA,NA,NA,NA,47.0000000000,49.0000000000,NA,-122.0000000000,-123.6670000000,Fig 1 in carpenter 1985,NA,NA,NA,1975.0000000000,NA,1983.0000000000,NA
BMID0091,Carpenter et al. (1985),89,0.4800000000,NA,NA,210Pb,NA,6.8000000000,NA,NA,NA,210Pb,NA,17.0000000000,NA,NA,NA,210Pb,NA,190.0000000000,NA,NA,NA,NA,47.0000000000,49.0000000000,NA,-122.0000000000,-123.6670000000,Fig 1 in carpenter 1985,NA,NA,NA,1975.0000000000,NA,1983.0000000000,NA
BMID0092,Carvalho et al. (2011),C5,0.0030000000,NA,NA,14C,NA,0.0900000000,NA,NA,NA,210Pb,NA,5.0000000000,NA,NA,NA,14C,NA,5100.0000000000,NA,NA,NA,40.8330000000,NA,NA,-11.9170000000,NA,NA,NA,NA,1989.0000000000,NA,NA,NA,NA,NA
BMID0093,Carvalho et al. (2011),WH2,0.0000000000,NA,NA,14C,NA,0.1400000000,NA,NA,NA,210Pb,NA,6.0000000000,NA,NA,NA,14C,NA,4730.0000000000,NA,NA,NA,45.1300000000,NA,NA,-17.2050000000,NA,NA,NA,NA,1989.0000000000,NA,NA,NA,NA,NA
BMID0094,Cochran et al. (1980) ,A47-16,0.0000000000,NA,NA,226Ra,NA,0.0320000000,NA,NA,NA,226Ra,selected largest M value from  table 9 ,7.0000000000,NA,NA,NA,226Ra,NA,5040.0000000000,NA,NA,NA,9.0380000000,NA,NA,-151.1900000000,NA,NA,NA,NA,NA,NA,1975.0000000000,11.0000000000,1975.0000000000,11.0000000000
BMID0095,Cochran et al. (1980) ,B52-39,0.0000000000,NA,NA,226Ra,NA,0.0320000000,NA,NA,NA,226Ra,selected largest M value from  table 9 ,8.0000000000,NA,NA,NA,226Ra,NA,4830.0000000000,NA,NA,NA,11.2470000000,NA,NA,-139.0680000000,NA,NA,NA,NA,NA,NA,1975.0000000000,11.0000000000,1975.0000000000,11.0000000000
BMID0096,Cochran et al. (1980) ,C57-58,0.0000000000,NA,NA,226Ra,NA,0.0320000000,NA,NA,NA,226Ra,selected largest M value from  table 9 ,12.0000000000,NA,NA,NA,226Ra,NA,4640.0000000000,NA,NA,NA,15.1580000000,NA,NA,-125.9070000000,NA,NA,NA,NA,NA,NA,1975.0000000000,11.0000000000,1975.0000000000,11.0000000000
BMID0097,Cox et al. (2008),Penn Cove,0.3900000000,NA,NA,210Pb,NA,94.6000000000,NA,NA,NA,210Pb,NA,11.5000000000,NA,NA,NA,210Pb,NA,25.0000000000,NA,NA,NA,48.2300000000,NA,NA,-122.6500000000,NA,NA,NA,NA,2005.0000000000,2.0000000000,NA,NA,NA,NA
BMID0098,Dellapenna et al. (1998),CS 5-22-95 KC,0.1000000000,NA,NA,210Pb+ 137Cs,NA,NA,NA,172.0000000000,NA,210Pb+ 137Cs,NA,25.0000000000,NA,NA,NA,210Pb+ 137Cs,NA,NA,15.0000000000,12.0000000000,NA,37.2170000000,NA,NA,-76.0830000000,NA,NA,fig in dellapenna1998,NA,1995.0000000000,5.0000000000,NA,NA,NA,NA
BMID0099,DeMaster et al. (1982) ,AII76-16,0.0020000000,NA,NA,210Pb,NA,0.0400000000,NA,NA,NA,210Pb,NA,15.0000000000,NA,NA,NA,210Pb,NA,4340.0000000000,NA,NA,NA,-53.0000000000,NA,NA,35.6330000000,NA,NA,NA,NA,NA,NA,NA,NA,NA,NA
BMID0100,DeMaster et al. (1982) ,AII76-17,0.0020000000,NA,NA,210Pb,NA,0.1600000000,NA,NA,NA,210Pb,NA,15.0000000000,NA,NA,NA,210Pb,NA,4730.0000000000,NA,NA,NA,-52.9830000000,NA,NA,35.7170000000,NA,NA,NA,NA,NA,NA,NA,NA,NA,NA
BMID0101,DeMaster et al. (1982) ,AII76-18,0.0020000000,NA,NA,210Pb,NA,0.0900000000,NA,NA,NA,210Pb,NA,15.0000000000,NA,NA,NA,210Pb,NA,4540.0000000000,NA,NA,NA,-53.2670000000,NA,NA,35.9000000000,NA,NA,NA,NA,NA,NA,NA,NA,NA,NA
BMID0102,DeMaster et al. (1982) ,A47-16,0.00015,NA,NA,210Pb,NA,0.2200000000,NA,NA,NA,210Pb,NA,7.0000000000,NA,NA,NA,210Pb,NA,5050.0000000000,NA,NA,NA,9.0330000000,NA,NA,-151.1830000000,NA,NA,NA,NA,NA,NA,NA,NA,NA,NA
BMID0103,DeMaster et al. (1982) ,B52-39,0.00030,NA,NA,210Pb,NA,0.2500000000,NA,NA,NA,210Pb,NA,8.0000000000,NA,NA,NA,210Pb,NA,4830.0000000000,NA,NA,NA,11.2500000000,NA,NA,-139.0670000000,NA,NA,NA,NA,NA,NA,NA,NA,NA,NA
BMID0104,DeMaster et al. (1982) ,C57-58,0.00014,NA,NA,210Pb,NA,0.4000000000,NA,NA,NA,210Pb,NA,12.0000000000,NA,NA,NA,210Pb,NA,4640.0000000000,NA,NA,NA,15.3330000000,NA,NA,-125.9000000000,NA,NA,NA,NA,NA,NA,NA,NA,NA,NA
BMID0105,Edelman-Furstenberg et al. (2020),DAN15,0.0400000000,NA,NA,210Pb,NA,72.2000000000,NA,NA,NA,210Pb,NA,34.0000000000,NA,NA,NA,210Pb,NA,15.0000000000,NA,NA,NA,29.5450000000,NA,NA,34.9640000000,NA,NA,NA,NA,2012.0000000000,12.0000000000,NA,NA,NA,NA
BMID0106,Edelman-Furstenberg et al. (2020),DAN30,0.2700000000,NA,NA,210Pb,NA,76.3000000000,NA,NA,NA,210Pb,NA,31.0000000000,NA,NA,NA,210Pb,NA,30.0000000000,NA,NA,NA,29.5440000000,NA,NA,34.9620000000,NA,NA,NA,NA,2012.0000000000,6.0000000000,NA,NA,NA,NA
BMID0107,Edelman-Furstenberg et al. (2020),FF15,0.0100000000,NA,NA,210Pb,NA,5.5000000000,NA,NA,NA,210Pb,NA,26.0000000000,NA,NA,NA,210Pb,NA,15.0000000000,NA,NA,NA,29.5420000000,NA,NA,34.9570000000,NA,NA,NA,NA,2013.0000000000,9.0000000000,NA,NA,NA,NA
BMID0108,Garcia et al. (2010) ,PE225-St 20,0.0800000000,NA,NA,210Pb+Chl-a,NA,4.2700000000,NA,NA,NA,210Pb+Chl-a,NA,12.7000000000,NA,NA,NA,210Pb+Chl-a,NA,1000.0000000000,NA,NA,NA,38.3420000000,NA,NA,-9.3320000000,NA,NA,NA,NA,2004.0000000000,5.0000000000,NA,NA,NA,NA
BMID0109,Garcia et al. (2010) ,PE225-St 45 ,0.1000000000,NA,NA,210Pb+Chl-a,NA,0.6100000000,NA,NA,NA,210Pb+Chl-a,NA,10.0000000000,NA,NA,NA,210Pb+Chl-a,NA,1270.0000000000,NA,NA,NA,38.2420000000,NA,NA,-9.5830000000,NA,NA,NA,NA,2004.0000000000,5.0000000000,NA,NA,NA,NA
BMID0110,Garcia et al. (2010) ,PE225-St 21 ,0.0600000000,NA,NA,210Pb+Chl-a,NA,0.2800000000,NA,NA,NA,210Pb+Chl-a,NA,13.8000000000,NA,NA,NA,210Pb+Chl-a,NA,1760.0000000000,NA,NA,NA,38.0830000000,NA,NA,-9.5820000000,NA,NA,NA,NA,2004.0000000000,5.0000000000,NA,NA,NA,NA
BMID0111,Garcia et al. (2010) ,PE225-St 1,0.9000000000,NA,NA,210Pb+Chl-a,NA,7.9100000000,NA,NA,NA,210Pb+Chl-a,NA,10.0000000000,NA,NA,NA,210Pb+Chl-a,NA,367.0000000000,NA,NA,NA,38.5180000000,NA,NA,-9.2730000000,NA,NA,NA,NA,2004.0000000000,5.0000000000,NA,NA,NA,NA
BMID0112,Garcia et al. (2010) ,PE225-St 7,0.1200000000,NA,NA,210Pb+Chl-a,NA,0.6700000000,NA,NA,NA,210Pb+Chl-a,NA,6.0000000000,NA,NA,NA,210Pb+Chl-a,NA,4450.0000000000,NA,NA,NA,38.1070000000,NA,NA,-10.0050000000,NA,NA,NA,NA,2004.0000000000,5.0000000000,NA,NA,NA,NA
BMID0113,Garcia et al. (2010) ,PE236-St 54,0.1200000000,NA,NA,210Pb+Chl-a,NA,0.5400000000,NA,NA,NA,210Pb+Chl-a,NA,10.0000000000,NA,NA,NA,210Pb+Chl-a,NA,179.0000000000,NA,NA,NA,38.3050000000,NA,NA,-8.8670000000,NA,NA,NA,NA,2005.0000000000,5.0000000000,NA,NA,NA,NA
BMID0114,Garcia et al. (2010) ,PE236-St 55,0.1800000000,NA,NA,210Pb+Chl-a,NA,1.5300000000,NA,NA,NA,210Pb+Chl-a,NA,19.4000000000,NA,NA,NA,210Pb+Chl-a,NA,644.0000000000,NA,NA,NA,38.2750000000,NA,NA,-9.0000000000,NA,NA,NA,NA,2005.0000000000,5.0000000000,NA,NA,NA,NA
BMID0115,Garcia et al. (2010) ,PE236-St 53,0.5700000000,NA,NA,210Pb+Chl-a,NA,10.9000000000,NA,NA,NA,210Pb+Chl-a,NA,20.3000000000,NA,NA,NA,210Pb+Chl-a,NA,1340.0000000000,NA,NA,NA,38.2730000000,NA,NA,-9.1500000000,NA,NA,NA,NA,2005.0000000000,5.0000000000,NA,NA,NA,NA
BMID0116,Garcia et al. (2010) ,PE236-St 52,0.1500000000,NA,NA,210Pb+Chl-a,NA,0.4800000000,NA,NA,NA,210Pb+Chl-a,NA,10.0000000000,NA,NA,NA,210Pb+Chl-a,NA,2120.0000000000,NA,NA,NA,38.2500000000,NA,NA,-9.3830000000,NA,NA,NA,NA,2005.0000000000,5.0000000000,NA,NA,NA,NA
BMID0117,"Glass et al. (1969), Guinasso et al. (1975)",RC8-53,0.0030000000,NA,NA,volcanoclastics,NA,NA,NA,0.0240000000,NA,volcanoclastics,NA,10.0000000000,NA,NA,NA,volcanoclastics,NA,4430.0000000000,NA,NA,NA,-39.3830000000,NA,NA,104.3670000000,NA,NA,NA,NA,NA,NA,NA,NA,NA,NA
BMID0118,"Glass et al. (1969), Officer et al. (1983)",RC9-137,0.0010000000,NA,NA,volcanoclastics,NA,0.0080000000,NA,NA,NA,volcanoclastics,NA,16.0000000000,NA,NA,NA,volcanoclastics,NA,4680.0000000000,NA,NA,NA,-45.0170000000,NA,NA,132.7500000000,NA,NA,NA,NA,NA,NA,NA,NA,NA,NA
BMID0119,"Glass et al. (1969), Officer et al. (1983)",RC9-143,0.0010000000,NA,NA,volcanoclastics,NA,0.0060000000,NA,NA,NA,volcanoclastics,NA,18.0000000000,NA,NA,NA,volcanoclastics,NA,4400.0000000000,NA,NA,NA,-41.3670000000,NA,NA,114.1330000000,NA,NA,NA,NA,NA,NA,NA,NA,NA,NA
BMID0120,"Glass et al. (1969), Officer et al. (1983)",V16-70,0.00022,NA,NA,volcanoclastics,NA,0.0020000000,NA,NA,NA,volcanoclastics,NA,13.0000000000,NA,NA,NA,volcanoclastics,NA,4650.0000000000,NA,NA,NA,-29.4500000000,NA,NA,56.1000000000,NA,NA,NA,NA,NA,NA,NA,NA,NA,NA
BMID0121,"Glass et al. (1969), Officer et al. (1983)",V16-76,0.0020000000,NA,NA,volcanoclastics,NA,0.0200000000,NA,NA,NA,volcanoclastics,NA,15.0000000000,NA,NA,NA,volcanoclastics,NA,5320.0000000000,NA,NA,NA,-25.1500000000,NA,NA,59.9000000000,NA,NA,NA,NA,NA,NA,NA,NA,NA,NA
BMID0122,"Glass et al. (1969), Officer et al. (1983)",V19-153,0.0010000000,NA,NA,volcanoclastics,NA,0.0030000000,NA,NA,NA,volcanoclastics,NA,13.0000000000,NA,NA,NA,volcanoclastics,NA,5430.0000000000,NA,NA,NA,-8.8500000000,NA,NA,102.1170000000,NA,NA,NA,NA,NA,NA,NA,NA,NA,NA
BMID0123,"Glass et al. (1969), Officer et al. (1983)",V19-297,0.0010000000,NA,NA,volcanoclastics,NA,0.0400000000,NA,NA,NA,volcanoclastics,NA,16.0000000000,NA,NA,NA,volcanoclastics,NA,4120.0000000000,NA,NA,NA,2.6170000000,NA,NA,-12.0000000000,NA,NA,NA,NA,NA,NA,NA,NA,NA,NA
BMID0124,"Glass et al. (1969), Officer et al. (1983)",RC9-58,0.0010000000,NA,NA,volcanoclastics,NA,0.0080000000,NA,NA,NA,volcanoclastics,NA,12.0000000000,NA,NA,NA,volcanoclastics,NA,NA,2000.0000000000,5000.0000000000,assigned based in geographic location,14.5570000000,NA,NA,-70.8100000000,NA,NA,NA,NA,NA,NA,NA,NA,NA,NA
BMID0125,Kershaw (1985),"CR 9/81, 161",0.0020000000,NA,NA,14C,NA,0.1260000000,NA,NA,NA,210Pb,NA,3.7000000000,NA,NA,NA,14C,NA,5160.0000000000,NA,NA,NA,NA,32.0000000000,38.0000000000,NA,-15.0000000000,-25.0000000000,figure in kershaw1985,NA,NA,NA,NA,NA,NA,NA
BMID0126,Li et al. (1985),Core 9,0.0070000000,NA,NA,230Th,NA,0.8000000000,NA,NA,NA,210Pb,NA,15.0000000000,NA,NA,NA,210Pb,NA,5050.0000000000,NA,NA,NA,13.7500000000,NA,NA,-67.7500000000,NA,NA,NA,NA,NA,NA,NA,NA,NA,NA
BMID0127,Li et al. (1985),Core 17,0.0030000000,NA,NA,230Th,NA,0.6100000000,NA,NA,NA,210Pb,NA,12.0000000000,NA,NA,NA,210Pb,NA,3500.0000000000,NA,NA,NA,13.5000000000,NA,NA,-64.7500000000,NA,NA,NA,NA,NA,NA,NA,NA,NA,NA
BMID0128,Li et al. (1985),Core 2,0.0050000000,NA,NA,230Th,NA,0.5000000000,NA,NA,NA,210Pb,NA,9.0000000000,NA,NA,NA,210Pb,NA,3950.0000000000,NA,NA,NA,15.1170000000,NA,NA,-69.3670000000,NA,NA,NA,NA,NA,NA,NA,NA,NA,NA
BMID0129,Maiti et al. (2010),POW-1,0.0600000000,NA,NA,210Pb,NA,NA,NA,NA,0.5000000000,210Pb,NA,4.0000000000,NA,NA,NA,210Pb,NA,425.0000000000,NA,NA,NA,73.0500000000,NA,NA,25.6330000000,NA,NA,NA,NA,2003.0000000000,8.0000000000,NA,NA,NA,NA
BMID0130,Maiti et al. (2010),POW-17,0.0800000000,NA,NA,210Pb,NA,NA,NA,NA,0.4000000000,210Pb,NA,5.0000000000,NA,NA,NA,210Pb,NA,224.0000000000,NA,NA,NA,73.0500000000,NA,NA,35.5830000000,NA,NA,NA,NA,2003.0000000000,8.0000000000,NA,NA,NA,NA
BMID0131,Maiti et al. (2010),MIC-36,0.1200000000,NA,NA,210Pb,NA,NA,NA,NA,2.7000000000,210Pb,NA,10.0000000000,NA,NA,NA,210Pb,NA,234.0000000000,NA,NA,NA,74.9670000000,NA,NA,47.0000000000,NA,NA,NA,NA,2003.0000000000,8.0000000000,NA,NA,NA,NA
BMID0132,Maiti et al. (2010),PIC-8,0.1000000000,NA,NA,210Pb,NA,NA,NA,NA,1.0000000000,210Pb,NA,6.3000000000,NA,NA,NA,210Pb,NA,136.0000000000,NA,NA,NA,77.9830000000,NA,NA,26.8330000000,NA,NA,NA,NA,2003.0000000000,8.0000000000,NA,NA,NA,NA
BMID0133,Maiti et al. (2010),PIC-23,0.1300000000,NA,NA,210Pb,NA,NA,NA,NA,1.5000000000,210Pb,NA,5.4000000000,NA,NA,NA,210Pb,NA,217.0000000000,NA,NA,NA,77.4830000000,NA,NA,39.4330000000,NA,NA,NA,NA,2003.0000000000,8.0000000000,NA,NA,NA,NA
BMID0134,Maiti et al. (2010),PIC-40,0.1700000000,NA,NA,210Pb,NA,NA,NA,NA,0.7000000000,210Pb,NA,6.7000000000,NA,NA,NA,210Pb,NA,305.0000000000,NA,NA,NA,78.2330000000,NA,NA,53.1170000000,NA,NA,NA,NA,2003.0000000000,8.0000000000,NA,NA,NA,NA
BMID0135,Masque et al. (2002),A-3,0.1170000000,NA,NA,210Pb,NA,12.0000000000,NA,NA,NA,210Pb,NA,12.0000000000,NA,NA,NA,210Pb,NA,790.0000000000,NA,NA,NA,-63.1670000000,NA,NA,-59.3330000000,NA,NA,NA,NA,NA,NA,1996.0000000000,2.0000000000,1996.0000000000,2.0000000000
BMID0136,Masque et al. (2002),A-6,0.0570000000,NA,NA,210Pb,NA,2.0000000000,NA,NA,NA,210Pb,NA,8.5000000000,NA,NA,NA,210Pb,NA,1070.0000000000,NA,NA,NA,-62.9330000000,NA,NA,-60.0000000000,NA,NA,NA,NA,NA,NA,1996.0000000000,2.0000000000,1996.0000000000,2.0000000000
BMID0137,Masque et al. (2002),B-2,0.1560000000,NA,NA,210Pb,NA,40.0000000000,NA,NA,NA,210Pb,NA,10.0000000000,NA,NA,NA,210Pb,NA,1140.0000000000,NA,NA,NA,-63.3330000000,NA,NA,-61.3830000000,NA,NA,NA,NA,NA,NA,1996.0000000000,2.0000000000,1996.0000000000,2.0000000000
BMID0138,Masque et al. (2003),T-1,0.0700000000,NA,NA,210Pb,based on mass accumulation rate and assumed density of 2.6 g/cm^3,3.4000000000,NA,NA,NA,210Pb,NA,3.5000000000,NA,NA,NA,210Pb,NA,654.0000000000,NA,NA,NA,36.3680000000,NA,NA,-4.3020000000,NA,NA,NA,NA,1996.0000000000,10.0000000000,NA,NA,NA,NA
BMID0139,Masque et al. (2003),ALB-D,0.0390000000,NA,NA,210Pb,based on mass accumulation rate and assumed density of 2.6 g/cm^3,7.0000000000,NA,NA,NA,210Pb,NA,9.0000000000,NA,NA,NA,210Pb,NA,946.0000000000,NA,NA,NA,36.2450000000,NA,NA,-4.4690000000,NA,NA,NA,NA,1998.0000000000,4.0000000000,NA,NA,NA,NA
BMID0140,Masque et al. (2003),ALB-1,0.0300000000,NA,NA,210Pb,based on mass accumulation rate and assumed density of 2.6 g/cm^3,3.1000000000,NA,NA,NA,210Pb,NA,4.0000000000,NA,NA,NA,210Pb,NA,962.0000000000,NA,NA,NA,36.2390000000,NA,NA,-4.2590000000,NA,NA,NA,NA,1997.0000000000,11.0000000000,NA,NA,NA,NA
BMID0141,Masque et al. (2003),ALB-E,0.0170000000,NA,NA,210Pb,based on mass accumulation rate and assumed density of 2.6 g/cm^3,15.0000000000,NA,NA,NA,210Pb,NA,3.5000000000,NA,NA,NA,210Pb,NA,1010.0000000000,NA,NA,NA,36.2200000000,NA,NA,-4.0410000000,NA,NA,NA,NA,1998.0000000000,4.0000000000,NA,NA,NA,NA
BMID0142,Masque et al. (2003),ALB-2,0.0220000000,NA,NA,210Pb,based on mass accumulation rate and assumed density of 2.6 g/cm^3,3.3000000000,NA,NA,NA,210Pb,NA,5.5000000000,NA,NA,NA,210Pb,NA,1300.0000000000,NA,NA,NA,36.0050000000,NA,NA,-4.2840000000,NA,NA,NA,NA,1997.0000000000,11.0000000000,NA,NA,NA,NA
BMID0143,Masque et al. (2003),T-2,0.0200000000,NA,NA,210Pb,based on mass accumulation rate and assumed density of 2.6 g/cm^3,0.6000000000,NA,NA,NA,210Pb,NA,3.0000000000,NA,NA,NA,210Pb,NA,1750.0000000000,NA,NA,NA,36.1020000000,NA,NA,-3.0400000000,NA,NA,NA,NA,1996.0000000000,10.0000000000,NA,NA,NA,NA
BMID0144,Masque et al. (2003),T-6,0.0240000000,NA,NA,210Pb,based on mass accumulation rate and assumed density of 2.6 g/cm^3,0.2000000000,NA,NA,NA,210Pb,NA,3.0000000000,NA,NA,NA,210Pb,NA,1990.0000000000,NA,NA,NA,35.9290000000,NA,NA,-1.5430000000,NA,NA,NA,NA,1996.0000000000,10.0000000000,NA,NA,NA,NA
BMID0145,Masque et al. (2003),T-5,0.0200000000,NA,NA,210Pb,based on mass accumulation rate and assumed density of 2.6 g/cm^3,2.9000000000,NA,NA,NA,210Pb,NA,1.5000000000,NA,NA,NA,210Pb,NA,2070.0000000000,NA,NA,NA,36.2270000000,NA,NA,-1.6000000000,NA,NA,NA,NA,1996.0000000000,10.0000000000,NA,NA,NA,NA
BMID0146,Masque et al. (2003),T-4,0.0200000000,NA,NA,210Pb,based on mass accumulation rate and assumed density of 2.6 g/cm^3,4.5000000000,NA,NA,NA,210Pb,NA,2.5000000000,NA,NA,NA,210Pb,NA,2020.0000000000,NA,NA,NA,36.6610000000,NA,NA,-1.5390000000,NA,NA,NA,NA,1996.0000000000,10.0000000000,NA,NA,NA,NA
BMID0147,Radakovitch (1995) as reported in Miralles et al. (2005),R2,0.0700000000,NA,NA,210Pb,NA,11.2000000000,NA,NA,NA,210Pb,NA,15.0000000000,NA,NA,NA,210Pb,NA,56.0000000000,NA,NA,NA,42.5830000000,NA,NA,3.1500000000,NA,NA,miralles2005,NA,NA,NA,NA,NA,NA,NA
BMID0148,Radakovitch (1995) as reported in Miralles et al. (2005),CZ,0.1400000000,NA,NA,210Pb,NA,5.9000000000,NA,NA,NA,210Pb,NA,11.5000000000,NA,NA,NA,210Pb,NA,79.0000000000,NA,NA,NA,42.9670000000,NA,NA,3.3830000000,NA,NA,miralles2005,NA,NA,NA,NA,NA,NA,NA
BMID0149,Radakovitch (1995) as reported in Miralles et al. (2005),Cyaneco,0.1100000000,NA,NA,210Pb,NA,15.6000000000,NA,NA,NA,210Pb,NA,11.0000000000,NA,NA,NA,210Pb,NA,1000.0000000000,NA,NA,NA,NA,42.3330000000,42.6670000000,NA,3.3330000000,3.8330000000,NA,manually assigned based on location given in miralles2005,NA,NA,NA,NA,NA,NA
BMID0150,"Abassi (1998), Radakovitch et al (2003) as reported in Miralles et al. (2005) ",94US24,0.1000000000,NA,NA,210Pb,NA,0.6100000000,NA,NA,NA,210Pb,NA,4.0000000000,NA,NA,NA,210Pb,NA,637.0000000000,NA,NA,NA,43.0830000000,NA,NA,5.2170000000,NA,NA,miralles2005,NA,NA,NA,NA,NA,NA,NA
BMID0151,"Abassi (1998), Radakovitch et al (2003) as reported in Miralles et al. (2005) ",94US22,0.0600000000,NA,NA,210Pb,NA,1.3700000000,NA,NA,NA,210Pb,NA,4.0000000000,NA,NA,NA,210Pb,NA,1100.0000000000,NA,NA,NA,43.0330000000,NA,NA,5.1830000000,NA,NA,miralles2005,NA,NA,NA,NA,NA,NA,NA
BMID0152,"Abassi (1998), Radakovitch et al (2003) as reported in Miralles et al. (2005) ",BM4,0.1400000000,NA,NA,210Pb,NA,0.8600000000,NA,NA,NA,210Pb,NA,5.0000000000,NA,NA,NA,210Pb,NA,520.0000000000,NA,NA,NA,43.0170000000,NA,NA,5.2670000000,NA,NA,miralles2005,NA,NA,NA,NA,NA,NA,NA
BMID0153,"Abassi (1998), Radakovitch et al (2003) as reported in Miralles et al. (2005) ",94US30,0.1200000000,NA,NA,210Pb,NA,0.4800000000,NA,NA,NA,210Pb,NA,3.0000000000,NA,NA,NA,210Pb,NA,1100.0000000000,NA,NA,NA,42.6670000000,NA,NA,4.2170000000,NA,NA,miralles2005,NA,NA,NA,NA,NA,NA,NA
BMID0154,"Abassi (1998), Radakovitch et al (2003) as reported in Miralles et al. (2005) ",EC3,0.1300000000,NA,NA,210Pb,NA,1.0100000000,NA,NA,NA,210Pb,NA,2.0000000000,NA,NA,NA,210Pb,NA,596.0000000000,NA,NA,NA,42.5330000000,NA,NA,3.4170000000,NA,NA,miralles2005,NA,NA,NA,NA,NA,NA,NA
BMID0155,"Abassi (1998), Radakovitch et al (2003) as reported in Miralles et al. (2005) ",EC6,0.1100000000,NA,NA,210Pb,NA,0.9000000000,NA,NA,NA,210Pb,NA,8.0000000000,NA,NA,NA,210Pb,NA,1020.0000000000,NA,NA,NA,42.4170000000,NA,NA,3.5500000000,NA,NA,miralles2005,NA,NA,NA,NA,NA,NA,NA
BMID0156,"Abassi (1998), Radakovitch et al (2003) as reported in Miralles et al. (2005) ",EC9,0.1000000000,NA,NA,210Pb,NA,0.8500000000,NA,NA,NA,210Pb,NA,5.0000000000,NA,NA,NA,210Pb,NA,806.0000000000,NA,NA,NA,42.4170000000,NA,NA,3.6830000000,NA,NA,miralles2005,NA,NA,NA,NA,NA,NA,NA
BMID0157,Mouret et al. (2009),Station B,0.1200000000,NA,NA,210Pb,NA,1.8000000000,NA,NA,NA,234Th,NA,1.0000000000,NA,NA,NA,210Pb,NA,550.0000000000,NA,NA,NA,43.8390000000,NA,NA,-2.0580000000,NA,NA,NA,NA,NA,NA,1997.0000000000,NA,2006.0000000000,NA
BMID0158,Mouret et al. (2009),Station A,0.0620000000,NA,NA,210Pb,NA,0.5600000000,NA,NA,NA,234Th,NA,1.0000000000,NA,NA,NA,210Pb,NA,1000.0000000000,NA,NA,NA,44.1710000000,NA,NA,-2.3340000000,NA,NA,NA,NA,NA,NA,1997.0000000000,NA,2006.0000000000,NA
BMID0159,Mouret et al. (2009),Station I Cruise OB9,0.0450000000,NA,NA,210Pb,NA,NA,NA,NA,0.0800000000,234Th,NA,NA,NA,NA,1.0000000000,210Pb,NA,2800.0000000000,NA,NA,NA,44.8240000000,NA,NA,-2.5630000000,NA,NA,NA,NA,NA,NA,1997.0000000000,NA,2006.0000000000,NA
BMID0160,Mouret et al. (2009),Station I Cruise OB7 ,0.0330000000,NA,NA,210Pb,NA,NA,NA,NA,0.0800000000,234Th,NA,NA,NA,NA,1.0000000000,210Pb,NA,2800.0000000000,NA,NA,NA,44.8240000000,NA,NA,-2.5630000000,NA,NA,NA,NA,NA,NA,1997.0000000000,NA,2006.0000000000,NA
BMID0161,Nie et al. (2001),ST5,NA,NA,0.0500000000,239240Pu + 210Pb,NA,NA,NA,25.0000000000,40.0000000000,239240Pu + 210Pb,NA,NA,NA,7.0000000000,10.0000000000,239240Pu + 210Pb,NA,21.0000000000,NA,NA,NA,38.3670000000,NA,NA,-76.3330000000,NA,NA,NA,NA,1994.0000000000,NA,NA,NA,NA,NA
BMID0162,Niggemann (2005) as reported by Niggemann et al. (2006),C1,0.1000000000,NA,NA,210Pb,NA,4.3000000000,NA,NA,NA,210Pb,NA,8.0000000000,NA,NA,NA,210Pb,NA,126.0000000000,NA,NA,NA,-36.4250000000,NA,NA,-73.3890000000,NA,NA,NA,NA,2001.0000000000,4.0000000000,NA,NA,NA,NA
BMID0163,Niggemann (2005) as reported by Niggemann et al. (2006),C2,0.1900000000,NA,NA,210Pb,NA,121.6000000000,NA,NA,NA,210Pb,NA,10.0000000000,NA,NA,NA,210Pb,NA,367.0000000000,NA,NA,NA,-36.0390000000,NA,NA,-73.0730000000,NA,NA,NA,NA,2001.0000000000,4.0000000000,NA,NA,NA,NA
BMID0164,Niggemann (2005) as reported by Niggemann et al. (2006),C3,0.1500000000,NA,NA,210Pb,NA,7.1000000000,NA,NA,NA,210Pb,NA,5.0000000000,NA,NA,NA,210Pb,NA,536.0000000000,NA,NA,NA,-36.4260000000,NA,NA,-73.5950000000,NA,NA,NA,NA,2001.0000000000,4.0000000000,NA,NA,NA,NA
BMID0165,Niggemann (2005) as reported by Niggemann et al. (2006),C4,0.1700000000,NA,NA,210Pb,NA,370.5000000000,NA,NA,NA,210Pb,NA,10.0000000000,NA,NA,NA,210Pb,NA,789.0000000000,NA,NA,NA,-36.5420000000,NA,NA,-73.6670000000,NA,NA,NA,NA,2001.0000000000,4.0000000000,NA,NA,NA,NA
BMID0166,"Niggemann (2005) as reported by Niggemann et al. (2006) , Munoz et al. (2004)",A1,0.0400000000,NA,NA,210Pb,NA,0.0000000000,NA,NA,NA,210Pb,NA,0.0000000000,NA,NA,NA,210Pb,NA,307.0000000000,NA,NA,NA,-22.8670000000,NA,NA,-70.4900000000,NA,NA,NA,NA,2001.0000000000,4.0000000000,NA,NA,NA,NA
BMID0167,Niggemann (2005) as reported by Niggemann et al. (2006),A2,0.1500000000,NA,NA,210Pb,NA,0.0000000000,NA,NA,NA,210Pb,NA,0.0000000000,NA,NA,NA,210Pb,NA,891.0000000000,NA,NA,NA,-22.8670000000,NA,NA,-70.5420000000,NA,NA,NA,NA,2001.0000000000,4.0000000000,NA,NA,NA,NA
BMID0168,Niggemann (2005) as reported by Niggemann et al. (2006),A3,0.0400000000,NA,NA,210Pb,NA,0.0000000000,NA,NA,NA,210Pb,NA,0.0000000000,NA,NA,NA,210Pb,NA,1010.0000000000,NA,NA,NA,-22.8420000000,NA,NA,-70.5800000000,NA,NA,NA,NA,2001.0000000000,4.0000000000,NA,NA,NA,NA
BMID0169,Niggemann (2005) as reported by Niggemann et al. (2006),A4,0.1100000000,NA,NA,210Pb,NA,0.0000000000,NA,NA,NA,210Pb,NA,0.0000000000,NA,NA,NA,210Pb,NA,1350.0000000000,NA,NA,NA,-22.8000000000,NA,NA,-70.6120000000,NA,NA,NA,NA,2001.0000000000,4.0000000000,NA,NA,NA,NA
BMID0170,Nittrouer et al. (1984),NCR-0,0.3000000000,NA,NA,210Pb,NA,140.0000000000,NA,NA,NA,234Th,NA,8.0000000000,NA,NA,NA,210Pb,NA,100.0000000000,NA,NA,NA,46.2630000000,NA,NA,-124.2890000000,NA,NA,NA,NA,NA,NA,NA,NA,NA,NA
BMID0171,Nittrouer et al. (1984),NET-5,0.3200000000,NA,NA,210Pb,NA,47.0000000000,NA,NA,NA,234Th,NA,10.0000000000,NA,NA,NA,210Pb,NA,91.0000000000,NA,NA,NA,46.6710000000,NA,NA,-124.4490000000,NA,NA,NA,NA,NA,NA,NA,NA,NA,NA
BMID0172,Nozaki et al. (1977),527-3,0.0030000000,NA,NA,14C,NA,0.1890000000,NA,NA,NA,210Pb,NA,8.0000000000,NA,NA,NA,14C,NA,2500.0000000000,NA,NA,NA,NA,36.8000000000,36.8170000000,NA,-33.2670000000,-33.2500000000,NA,NA,NA,NA,1974.0000000000,9.0000000000,1974.0000000000,9.0000000000
BMID0173,"Ruddiman et al. (1980), Officer et al. (1983)",V19-28,0.0070000000,NA,NA,volcanoclastics,NA,0.0300000000,NA,NA,NA,volcanoclastics,NA,8.0000000000,NA,NA,NA,volcanoclastics,NA,2720.0000000000,NA,NA,NA,-2.3670000000,NA,NA,-84.6500000000,NA,NA,NA,NA,NA,NA,NA,NA,NA,NA
BMID0174,"Ruddiman et al. (1980), Officer et al. (1983)",V19-29,0.0070000000,NA,NA,volcanoclastics,NA,0.0300000000,NA,NA,NA,volcanoclastics,NA,10.0000000000,NA,NA,NA,volcanoclastics,NA,3160.0000000000,NA,NA,NA,-3.5830000000,NA,NA,-83.9830000000,NA,NA,NA,NA,NA,NA,NA,NA,NA,NA
BMID0175,"Ruddiman et al. (1980), Officer et al. (1983)",E48-23,0.0030000000,NA,NA,volcanoclastics,NA,0.0090000000,NA,NA,NA,volcanoclastics,NA,5.0000000000,NA,NA,NA,volcanoclastics,NA,3520.0000000000,NA,NA,NA,-39.5170000000,NA,NA,83.7170000000,NA,NA,NA,NA,NA,NA,NA,NA,NA,NA
BMID0176,"Ruddiman et al. (1980), Officer et al. (1983)",V27-19,0.0020000000,NA,NA,volcanoclastics,NA,0.0060000000,NA,NA,NA,volcanoclastics,NA,8.0000000000,NA,NA,NA,volcanoclastics,NA,3470.0000000000,NA,NA,NA,52.1000000000,NA,NA,-38.8000000000,NA,NA,NA,NA,NA,NA,NA,NA,NA,NA
BMID0177,"Ruddiman et al. (1980), Officer et al. (1983)",RC17-126,0.0020000000,NA,NA,volcanoclastics,NA,0.0080000000,NA,NA,NA,volcanoclastics,NA,6.0000000000,NA,NA,NA,volcanoclastics,NA,1740.0000000000,NA,NA,NA,7.1670000000,NA,NA,72.8000000000,NA,NA,NA,NA,NA,NA,NA,NA,NA,NA
BMID0178,"Ruddiman et al. (1980), Officer et al. (1983)",V29-39,0.0010000000,NA,NA,volcanoclastics,NA,0.0020000000,NA,NA,NA,volcanoclastics,NA,8.0000000000,NA,NA,NA,volcanoclastics,NA,5080.0000000000,NA,NA,NA,-7.7830000000,NA,NA,77.3830000000,NA,NA,NA,NA,NA,NA,NA,NA,NA,NA
BMID0179,"Ruddiman et al. (1980), Officer et al. (1983)",V29-40,0.0010000000,NA,NA,volcanoclastics,NA,0.0050000000,NA,NA,NA,volcanoclastics,NA,12.0000000000,NA,NA,NA,volcanoclastics,NA,5330.0000000000,NA,NA,NA,-10.4830000000,NA,NA,78.0500000000,NA,NA,NA,NA,NA,NA,NA,NA,NA,NA
BMID0180,Peng et al. (1979),ERDC 92 Bx,0.0020000000,NA,NA,14C,NA,0.1200000000,NA,NA,NA,14C,NA,8.0000000000,NA,NA,NA,14C,NA,1600.0000000000,NA,NA,NA,-2.2250000000,NA,NA,156.9980000000,NA,NA,NA,NA,NA,NA,NA,NA,NA,NA
BMID0181,Radakovitch et al. (1999),BF3,NA,NA,0.2100000000,210Pb,NA,0.8400000000,NA,NA,NA,210Pb,NA,3.0000000000,NA,NA,NA,210Pb,NA,NA,150.0000000000,100.0000000000,NA,NA,43.0000000000,43.5000000000,NA,4.5000000000,5.0000000000,map in radakovich1999,NA,1991.0000000000,3.0000000000,NA,NA,NA,NA
BMID0182,Radakovitch et al. (1999),BF4,NA,NA,0.2600000000,210Pb,NA,3.1000000000,NA,NA,NA,210Pb,NA,3.0000000000,NA,NA,NA,210Pb,NA,NA,150.0000000000,100.0000000000,NA,NA,43.0000000000,43.5000000000,NA,4.5000000000,5.0000000000,map in radakovich1999,NA,1990.0000000000,11.0000000000,NA,NA,NA,NA
BMID0183,Radakovitch et al. (1999),BF8,NA,NA,0.2900000000,210Pb,NA,2.6000000000,NA,NA,NA,210Pb,NA,3.0000000000,NA,NA,NA,210Pb,NA,NA,150.0000000000,100.0000000000,NA,NA,43.0000000000,43.5000000000,NA,4.5000000000,5.0000000000,map in radakovich1999,NA,1990.0000000000,11.0000000000,NA,NA,NA,NA
BMID0184,Radakovitch et al. (1999),BF9,NA,NA,0.5400000000,210Pb,NA,10.1000000000,NA,NA,NA,210Pb,NA,6.0000000000,NA,NA,NA,210Pb,NA,NA,100.0000000000,70.0000000000,NA,NA,43.0000000000,43.5000000000,NA,4.5000000000,5.0000000000,map in radakovich1999,NA,1990.0000000000,11.0000000000,NA,NA,NA,NA
BMID0185,Radakovitch et al. (1999),BF11,NA,NA,0.2500000000,210Pb,NA,2.5000000000,NA,NA,NA,210Pb,NA,7.0000000000,NA,NA,NA,210Pb,NA,NA,50.0000000000,20.0000000000,NA,NA,43.0000000000,43.5000000000,NA,4.5000000000,5.0000000000,map in radakovich1999,NA,1990.0000000000,11.0000000000,NA,NA,NA,NA
BMID0186,Radakovitch et al. (1999),BF12,NA,NA,0.2500000000,210Pb,NA,4.9000000000,NA,NA,NA,210Pb,NA,10.0000000000,NA,NA,NA,210Pb,NA,NA,30.0000000000,10.0000000000,NA,NA,43.0000000000,43.5000000000,NA,4.5000000000,5.0000000000,map in radakovich1999,NA,1990.0000000000,11.0000000000,NA,NA,NA,NA
BMID0187,Sanchez-Cabeza et al. (1999) ,CN-23,0.1700000000,NA,NA,210Pb,NA,57.0000000000,NA,NA,NA,210Pb,NA,5.0000000000,NA,NA,NA,210Pb,NA,NA,100.0000000000,80.0000000000,NA,NA,40.9170000000,41.4170000000,NA,1.8330000000,2.3330000000,map in sanchez-cabeza1999 ,NA,NA,NA,1993.0000000000,6.0000000000,1994.0000000000,6.0000000000
BMID0188,Sanchez-Cabeza et al. (1999) ,CN-27,0.2190000000,NA,NA,210Pb,NA,15.0000000000,NA,NA,NA,210Pb,NA,4.0000000000,NA,NA,NA,210Pb,NA,NA,50.0000000000,40.0000000000,NA,NA,40.9170000000,41.4170000000,NA,1.8330000000,2.3330000000,map in sanchez-cabeza1999 ,NA,NA,NA,1993.0000000000,6.0000000000,1994.0000000000,6.0000000000
BMID0189,Sanchez-Cabeza et al. (1999) ,CN-32,0.2300000000,NA,NA,210Pb,NA,42.0000000000,NA,NA,NA,210Pb,NA,5.0000000000,NA,NA,NA,210Pb,NA,NA,350.0000000000,200.0000000000,NA,NA,40.9170000000,41.4170000000,NA,1.8330000000,2.3330000000,map in sanchez-cabeza1999 ,NA,NA,NA,1993.0000000000,6.0000000000,1994.0000000000,6.0000000000
BMID0190,Santschi et al. (1980) ,6-240-00-900,0.0100000000,NA,NA,239240Pu + 210Pb + 234Th,NA,7.5000000000,2.5000000000,NA,NA,239240Pu + 210Pb + 234Th,NA,5.0000000000,35.0000000000,NA,NA,239240Pu + 210Pb + 234Th,NA,10.0000000000,NA,NA,NA,41.5830000000,NA,NA,-71.3720000000,NA,NA,NA,NA,1976.0000000000,8.0000000000,NA,NA,NA,NA
BMID0191,Santschi et al. (1980) ,7-334-00-900,0.0100000000,NA,NA,239240Pu + 210Pb + 234Th,NA,31.5000000000,0.3200000000,NA,NA,239240Pu + 210Pb + 234Th,used second model run,9.0000000000,39.0000000000,NA,NA,239240Pu + 210Pb + 234Th,NA,10.0000000000,NA,NA,NA,41.5830000000,NA,NA,-71.3720000000,NA,NA,NA,NA,1977.0000000000,11.0000000000,NA,NA,NA,NA
BMID0192,Santschi et al. (1980) ,SBC-1,0.0100000000,NA,NA,239240Pu + 210Pb + 234Th,NA,10.7000000000,2.0000000000,NA,NA,239240Pu + 210Pb + 234Th,NA,7.5000000000,37.5000000000,NA,NA,239240Pu + 210Pb + 234Th,NA,69.0000000000,NA,NA,NA,40.6330000000,NA,NA,-71.0000000000,NA,NA,NA,NA,1978.0000000000,8.0000000000,NA,NA,NA,NA
BMID0193,Santschi et al. (1980) ,SBC-2,0.1400000000,NA,NA,239240Pu + 210Pb + 234Th,NA,3.8000000000,1.2000000000,NA,NA,239240Pu + 210Pb + 234Th,NA,7.5000000000,47.5000000000,NA,NA,239240Pu + 210Pb + 234Th,NA,850.0000000000,NA,NA,NA,39.8330000000,NA,NA,-71.0870000000,NA,NA,NA,NA,1978.0000000000,8.0000000000,NA,NA,NA,NA
BMID0194,Smith et al. (1994) ,19,0.1510000000,NA,NA,210Pb,NA,10.0000000000,NA,NA,NA,210Pb,NA,2.5000000000,NA,NA,NA,210Pb,NA,NA,250.0000000000,50.0000000000,NA,NA,76.3330000000,76.6670000000,NA,-70.0000000000,-68.5000000000,fig in smith1994,NA,1984.0000000000,9.0000000000,NA,NA,NA,NA
BMID0195,Smith et al. (1994) ,20,0.2570000000,NA,NA,210Pb,NA,10.0000000000,NA,NA,NA,210Pb,NA,1.0000000000,NA,NA,NA,210Pb,NA,NA,250.0000000000,50.0000000000,NA,NA,76.3330000000,76.6670000000,NA,-70.0000000000,-68.5000000000,fig in smith1994,NA,1984.0000000000,9.0000000000,NA,NA,NA,NA
BMID0196,Smith et al. (1994) ,23,0.1530000000,NA,NA,210Pb,NA,10.0000000000,NA,NA,NA,210Pb,NA,2.5000000000,NA,NA,NA,210Pb,NA,NA,250.0000000000,50.0000000000,NA,NA,76.3330000000,76.6670000000,NA,-70.0000000000,-68.5000000000,fig in smith1994,NA,1984.0000000000,9.0000000000,NA,NA,NA,NA
BMID0197,Smith et al. (1994) ,24,0.2050000000,NA,NA,210Pb,NA,10.0000000000,NA,NA,NA,210Pb,NA,2.0000000000,NA,NA,NA,210Pb,NA,NA,250.0000000000,50.0000000000,NA,NA,76.3330000000,76.6670000000,NA,-70.0000000000,-68.5000000000,fig in smith1994,NA,1984.0000000000,9.0000000000,NA,NA,NA,NA
BMID0198,Smith et al. (1994) ,25,0.1760000000,NA,NA,210Pb,NA,10.0000000000,NA,NA,NA,210Pb,NA,9.0000000000,NA,NA,NA,210Pb,NA,NA,250.0000000000,50.0000000000,NA,NA,76.3330000000,76.6670000000,NA,-70.0000000000,-68.5000000000,fig in smith1994,NA,1984.0000000000,9.0000000000,NA,NA,NA,NA
BMID0199,Smith et al. (1994) ,26,0.2490000000,NA,NA,210Pb,NA,10.0000000000,NA,NA,NA,210Pb,NA,5.0000000000,NA,NA,NA,210Pb,NA,NA,250.0000000000,50.0000000000,NA,NA,76.3330000000,76.6670000000,NA,-70.0000000000,-68.5000000000,fig in smith1994,NA,1984.0000000000,9.0000000000,NA,NA,NA,NA
BMID0200,Smith et al. (1994) ,27,0.2840000000,NA,NA,210Pb,NA,10.0000000000,NA,NA,NA,210Pb,NA,1.5000000000,NA,NA,NA,210Pb,NA,NA,250.0000000000,50.0000000000,NA,NA,76.3330000000,76.6670000000,NA,-70.0000000000,-68.5000000000,fig in smith1994,NA,1984.0000000000,9.0000000000,NA,NA,NA,NA
BMID0201,Smith et al. (1994) ,28,0.2640000000,NA,NA,210Pb,NA,10.0000000000,NA,NA,NA,210Pb,NA,2.0000000000,NA,NA,NA,210Pb,NA,NA,250.0000000000,50.0000000000,NA,NA,76.3330000000,76.6670000000,NA,-70.0000000000,-68.5000000000,fig in smith1994,NA,1984.0000000000,9.0000000000,NA,NA,NA,NA
BMID0202,Smith et al. (1994) ,29,0.3580000000,NA,NA,210Pb,NA,10.0000000000,NA,NA,NA,210Pb,NA,5.0000000000,NA,NA,NA,210Pb,NA,NA,250.0000000000,50.0000000000,NA,NA,76.3330000000,76.6670000000,NA,-70.0000000000,-68.5000000000,fig in smith1994,NA,1984.0000000000,9.0000000000,NA,NA,NA,NA
BMID0203,Smith et al. (1994) ,30,0.3210000000,NA,NA,210Pb,NA,10.0000000000,NA,NA,NA,210Pb,NA,2.0000000000,NA,NA,NA,210Pb,NA,NA,250.0000000000,50.0000000000,NA,NA,76.3330000000,76.6670000000,NA,-70.0000000000,-68.5000000000,fig in smith1994,NA,1984.0000000000,9.0000000000,NA,NA,NA,NA
BMID0204,Smith et al. (1994) ,32,0.2230000000,NA,NA,210Pb,NA,10.0000000000,NA,NA,NA,210Pb,NA,2.0000000000,NA,NA,NA,210Pb,NA,NA,250.0000000000,50.0000000000,NA,NA,76.3330000000,76.6670000000,NA,-70.0000000000,-68.5000000000,fig in smith1994,NA,1984.0000000000,9.0000000000,NA,NA,NA,NA
BMID0205,Smith et al. (1994) ,33,0.3520000000,NA,NA,210Pb,NA,10.0000000000,NA,NA,NA,210Pb,NA,4.0000000000,NA,NA,NA,210Pb,NA,NA,250.0000000000,50.0000000000,NA,NA,76.3330000000,76.6670000000,NA,-70.0000000000,-68.5000000000,fig in smith1994,NA,1984.0000000000,9.0000000000,NA,NA,NA,NA
BMID0206,Smith et al. (1994) ,34,0.1620000000,NA,NA,210Pb,NA,10.0000000000,NA,NA,NA,210Pb,NA,4.0000000000,NA,NA,NA,210Pb,NA,NA,250.0000000000,50.0000000000,NA,NA,76.3330000000,76.6670000000,NA,-70.0000000000,-68.5000000000,fig in smith1994,NA,1984.0000000000,9.0000000000,NA,NA,NA,NA
BMID0207,Smith et al. (1994) ,35,0.0980000000,NA,NA,210Pb,NA,10.0000000000,NA,NA,NA,210Pb,NA,1.0000000000,NA,NA,NA,210Pb,NA,NA,250.0000000000,50.0000000000,NA,NA,76.3330000000,76.6670000000,NA,-70.0000000000,-68.5000000000,fig in smith1994,NA,1984.0000000000,9.0000000000,NA,NA,NA,NA
BMID0208,Smith et al. (1994) ,41,0.1610000000,NA,NA,210Pb,NA,10.0000000000,NA,NA,NA,210Pb,NA,3.0000000000,NA,NA,NA,210Pb,NA,NA,250.0000000000,50.0000000000,NA,NA,76.3330000000,76.6670000000,NA,-70.0000000000,-68.5000000000,fig in smith1994,NA,1984.0000000000,9.0000000000,NA,NA,NA,NA
BMID0209,Smith et al. (1994) ,43,0.1100000000,NA,NA,210Pb,NA,10.0000000000,NA,NA,NA,210Pb,NA,8.0000000000,NA,NA,NA,210Pb,NA,NA,250.0000000000,50.0000000000,NA,NA,76.3330000000,76.6670000000,NA,-70.0000000000,-68.5000000000,fig in smith1994,NA,1984.0000000000,9.0000000000,NA,NA,NA,NA
BMID0210,Smith et al. (1994) ,44,0.1800000000,NA,NA,210Pb,NA,10.0000000000,NA,NA,NA,210Pb,NA,4.5000000000,NA,NA,NA,210Pb,NA,NA,250.0000000000,50.0000000000,NA,NA,76.3330000000,76.6670000000,NA,-70.0000000000,-68.5000000000,fig in smith1994,NA,1984.0000000000,9.0000000000,NA,NA,NA,NA
BMID0211,Smith et al. (1994) ,45,0.3670000000,NA,NA,210Pb,NA,10.0000000000,NA,NA,NA,210Pb,NA,2.5000000000,NA,NA,NA,210Pb,NA,NA,250.0000000000,50.0000000000,NA,NA,76.3330000000,76.6670000000,NA,-70.0000000000,-68.5000000000,fig in smith1994,NA,1984.0000000000,9.0000000000,NA,NA,NA,NA
BMID0212,Smith et al. (1994) ,46,0.1370000000,NA,NA,210Pb,NA,10.0000000000,NA,NA,NA,210Pb,NA,1.5000000000,NA,NA,NA,210Pb,NA,NA,250.0000000000,50.0000000000,NA,NA,76.3330000000,76.6670000000,NA,-70.0000000000,-68.5000000000,fig in smith1994,NA,1984.0000000000,9.0000000000,NA,NA,NA,NA
BMID0213,Smith et al. (1994) ,47,0.2430000000,NA,NA,210Pb,NA,10.0000000000,NA,NA,NA,210Pb,NA,2.0000000000,NA,NA,NA,210Pb,NA,NA,250.0000000000,50.0000000000,NA,NA,76.3330000000,76.6670000000,NA,-70.0000000000,-68.5000000000,fig in smith1994,NA,1984.0000000000,9.0000000000,NA,NA,NA,NA
BMID0214,Smith et al. (1994) ,48,0.3220000000,NA,NA,210Pb,NA,10.0000000000,NA,NA,NA,210Pb,NA,3.0000000000,NA,NA,NA,210Pb,NA,NA,250.0000000000,50.0000000000,NA,NA,76.3330000000,76.6670000000,NA,-70.0000000000,-68.5000000000,fig in smith1994,NA,1984.0000000000,9.0000000000,NA,NA,NA,NA
BMID0215,Smith et al. (1994) ,49,0.3660000000,NA,NA,210Pb,NA,10.0000000000,NA,NA,NA,210Pb,NA,3.0000000000,NA,NA,NA,210Pb,NA,NA,250.0000000000,50.0000000000,NA,NA,76.3330000000,76.6670000000,NA,-70.0000000000,-68.5000000000,fig in smith1994,NA,1984.0000000000,9.0000000000,NA,NA,NA,NA
BMID0216,Smith et al. (1994) ,50,0.2710000000,NA,NA,210Pb,NA,10.0000000000,NA,NA,NA,210Pb,NA,3.5000000000,NA,NA,NA,210Pb,NA,NA,250.0000000000,50.0000000000,NA,NA,76.3330000000,76.6670000000,NA,-70.0000000000,-68.5000000000,fig in smith1994,NA,1984.0000000000,9.0000000000,NA,NA,NA,NA
BMID0217,Smith et al. (1994) ,51,0.2810000000,NA,NA,210Pb,NA,10.0000000000,NA,NA,NA,210Pb,NA,3.0000000000,NA,NA,NA,210Pb,NA,NA,250.0000000000,50.0000000000,NA,NA,76.3330000000,76.6670000000,NA,-70.0000000000,-68.5000000000,fig in smith1994,NA,1984.0000000000,9.0000000000,NA,NA,NA,NA
BMID0218,Smith et al. (1994) ,55,0.1240000000,NA,NA,210Pb,NA,10.0000000000,NA,NA,NA,210Pb,NA,10.0000000000,NA,NA,NA,210Pb,NA,NA,250.0000000000,50.0000000000,NA,NA,76.3330000000,76.6670000000,NA,-70.0000000000,-68.5000000000,fig in smith1994,NA,1984.0000000000,9.0000000000,NA,NA,NA,NA
BMID0219,Smith et al. (1994) ,56,0.2690000000,NA,NA,210Pb,NA,10.0000000000,NA,NA,NA,210Pb,NA,2.0000000000,NA,NA,NA,210Pb,NA,NA,250.0000000000,50.0000000000,NA,NA,76.3330000000,76.6670000000,NA,-70.0000000000,-68.5000000000,fig in smith1994,NA,1984.0000000000,9.0000000000,NA,NA,NA,NA
BMID0220,Smith et al. (1994) ,57,0.1130000000,NA,NA,210Pb,NA,10.0000000000,NA,NA,NA,210Pb,NA,15.0000000000,NA,NA,NA,210Pb,NA,NA,250.0000000000,50.0000000000,NA,NA,76.3330000000,76.6670000000,NA,-70.0000000000,-68.5000000000,fig in smith1994,NA,1984.0000000000,9.0000000000,NA,NA,NA,NA
BMID0221,Smith et al. (1994) ,58,0.1460000000,NA,NA,210Pb,NA,10.0000000000,NA,NA,NA,210Pb,NA,1.5000000000,NA,NA,NA,210Pb,NA,NA,250.0000000000,50.0000000000,NA,NA,76.3330000000,76.6670000000,NA,-70.0000000000,-68.5000000000,fig in smith1994,NA,1984.0000000000,9.0000000000,NA,NA,NA,NA
BMID0222,Smith et al. (1994) ,59,0.1470000000,NA,NA,210Pb,NA,10.0000000000,NA,NA,NA,210Pb,NA,3.0000000000,NA,NA,NA,210Pb,NA,NA,250.0000000000,50.0000000000,NA,NA,76.3330000000,76.6670000000,NA,-70.0000000000,-68.5000000000,fig in smith1994,NA,1984.0000000000,9.0000000000,NA,NA,NA,NA
BMID0223,Smith et al. (1999) ,1,0.0420000000,NA,NA,210Pb,NA,10.0000000000,NA,NA,NA,210Pb,NA,2.0000000000,NA,NA,NA,210Pb,NA,NA,600.0000000000,200.0000000000,NA,NA,48.0000000000,50.0000000000,NA,-70.0000000000,-60.0000000000,fig in smith1999,NA,1987.0000000000,9.0000000000,NA,NA,NA,NA
BMID0224,Smith et al. (1999) ,5,0.1500000000,NA,NA,210Pb,NA,10.0000000000,NA,NA,NA,210Pb,NA,2.0000000000,NA,NA,NA,210Pb,NA,NA,600.0000000000,200.0000000000,NA,NA,48.0000000000,50.0000000000,NA,-70.0000000000,-60.0000000000,fig in smith1999,NA,1987.0000000000,9.0000000000,NA,NA,NA,NA
BMID0225,Smith et al. (1999) ,6,0.1150000000,NA,NA,210Pb,NA,10.0000000000,NA,NA,NA,210Pb,NA,4.0000000000,NA,NA,NA,210Pb,NA,NA,600.0000000000,200.0000000000,NA,NA,48.0000000000,50.0000000000,NA,-70.0000000000,-60.0000000000,fig in smith1999,NA,1987.0000000000,9.0000000000,NA,NA,NA,NA
BMID0226,Smith et al. (1999) ,10,0.2370000000,NA,NA,210Pb,NA,10.0000000000,NA,NA,NA,210Pb,NA,7.0000000000,NA,NA,NA,210Pb,NA,NA,600.0000000000,200.0000000000,NA,NA,48.0000000000,50.0000000000,NA,-70.0000000000,-60.0000000000,fig in smith1999,NA,1987.0000000000,9.0000000000,NA,NA,NA,NA
BMID0227,Smith et al. (1999) ,16,0.1390000000,NA,NA,210Pb,NA,10.0000000000,NA,NA,NA,210Pb,NA,3.0000000000,NA,NA,NA,210Pb,NA,NA,600.0000000000,200.0000000000,NA,NA,48.0000000000,50.0000000000,NA,-70.0000000000,-60.0000000000,fig in smith1999,NA,1987.0000000000,9.0000000000,NA,NA,NA,NA
BMID0228,Smith et al. (1999) ,17,0.2230000000,NA,NA,210Pb,NA,10.0000000000,NA,NA,NA,210Pb,NA,3.0000000000,NA,NA,NA,210Pb,NA,NA,600.0000000000,200.0000000000,NA,NA,48.0000000000,50.0000000000,NA,-70.5000000000,-67.5000000000,fig in smith1999,NA,1987.0000000000,9.0000000000,NA,NA,NA,NA
BMID0229,Smith et al. (1999) ,18,0.2480000000,NA,NA,210Pb,NA,10.0000000000,NA,NA,NA,210Pb,NA,3.0000000000,NA,NA,NA,210Pb,NA,NA,600.0000000000,200.0000000000,NA,NA,48.0000000000,49.0000000000,NA,-70.5000000000,-67.5000000000,fig in smith1999,NA,1987.0000000000,9.0000000000,NA,NA,NA,NA
BMID0230,Smith et al. (1999) ,19,0.4500000000,NA,NA,210Pb,NA,10.0000000000,NA,NA,NA,210Pb,NA,4.0000000000,NA,NA,NA,210Pb,NA,NA,600.0000000000,200.0000000000,NA,NA,48.0000000000,49.0000000000,NA,-70.5000000000,-67.5000000000,fig in smith1999,NA,1987.0000000000,9.0000000000,NA,NA,NA,NA
BMID0231,Smith et al. (1999) ,20,0.5800000000,NA,NA,210Pb,NA,10.0000000000,NA,NA,NA,210Pb,NA,6.0000000000,NA,NA,NA,210Pb,NA,NA,600.0000000000,200.0000000000,NA,NA,48.0000000000,49.0000000000,NA,-70.5000000000,-67.5000000000,fig in smith1999,NA,1987.0000000000,9.0000000000,NA,NA,NA,NA
BMID0232,Smith et al. (1999) ,21,0.5390000000,NA,NA,210Pb,NA,10.0000000000,NA,NA,NA,210Pb,NA,8.0000000000,NA,NA,NA,210Pb,NA,NA,600.0000000000,200.0000000000,NA,NA,48.0000000000,49.0000000000,NA,-70.5000000000,-67.5000000000,fig in smith1999,NA,1987.0000000000,9.0000000000,NA,NA,NA,NA
BMID0233,Smith et al. (1999) ,22,0.7000000000,NA,NA,210Pb,NA,10.0000000000,NA,NA,NA,210Pb,NA,10.0000000000,NA,NA,NA,210Pb,NA,NA,600.0000000000,200.0000000000,NA,NA,48.0000000000,49.0000000000,NA,-70.5000000000,-67.5000000000,fig in smith1999,NA,1987.0000000000,9.0000000000,NA,NA,NA,NA
BMID0234,Smith et al. (1999) ,23,0.5450000000,NA,NA,210Pb,NA,10.0000000000,NA,NA,NA,210Pb,NA,8.0000000000,NA,NA,NA,210Pb,NA,NA,600.0000000000,200.0000000000,NA,NA,48.0000000000,49.0000000000,NA,-70.5000000000,-67.5000000000,fig in smith1999,NA,1987.0000000000,9.0000000000,NA,NA,NA,NA
BMID0235,Smith et al. (2000) ,400,NA,NA,0.0500000000,210Pb,NA,2.9000000000,NA,NA,NA,210Pb,NA,3.0000000000,NA,NA,NA,210Pb,NA,400.0000000000,NA,NA,NA,19.3670000000,NA,NA,58.2500000000,NA,NA,NA,NA,NA,NA,1994.0000000000,11.0000000000,1994.0000000000,11.0000000000
BMID0236,Smith et al. (2000) ,700,NA,NA,0.0400000000,210Pb,NA,0.4100000000,NA,NA,NA,210Pb,NA,3.0000000000,NA,NA,NA,210Pb,NA,700.0000000000,NA,NA,NA,19.3170000000,NA,NA,58.2670000000,NA,NA,NA,NA,NA,NA,1994.0000000000,11.0000000000,1994.0000000000,11.0000000000
BMID0237,Smith et al. (2000) ,850,NA,NA,0.0500000000,210Pb,NA,0.7900000000,NA,NA,NA,210Pb,NA,7.0000000000,NA,NA,NA,210Pb,NA,850.0000000000,NA,NA,NA,19.2330000000,NA,NA,58.3830000000,NA,NA,NA,NA,NA,NA,1994.0000000000,11.0000000000,1994.0000000000,11.0000000000
BMID0238,Smith et al. (2000) ,1250,NA,NA,0.0600000000,210Pb,NA,40.0000000000,NA,NA,NA,210Pb,NA,6.5000000000,NA,NA,NA,210Pb,NA,1250.0000000000,NA,NA,NA,19.2330000000,NA,NA,58.4830000000,NA,NA,NA,NA,NA,NA,1994.0000000000,11.0000000000,1994.0000000000,11.0000000000
BMID0239,Smith et al. (2000) ,3400,NA,NA,0.0600000000,210Pb,NA,0.3100000000,NA,NA,NA,210Pb,NA,2.5000000000,NA,NA,NA,210Pb,NA,3400.0000000000,NA,NA,NA,19.0000000000,NA,NA,59.0000000000,NA,NA,NA,NA,NA,NA,1994.0000000000,11.0000000000,1994.0000000000,11.0000000000
BMID0240,Smoak et al. (1999),B spartina fringe,0.1800000000,NA,NA,210Pb,NA,NA,NA,40.0000000000,NA,210Pb,NA,11.0000000000,NA,NA,NA,210Pb,NA,0.0000000000,NA,NA,NA,-22.9500000000,NA,NA,-43.7170000000,NA,NA,NA,NA,1995.0000000000,10.0000000000,NA,NA,NA,NA
BMID0241,"Soetaert et al. (1996), Van Weering et al. (1995)",A,NA,0.0010000000,0.0060000000,14C,NA,2.1000000000,NA,NA,NA,210Pb,Model 3,5.8000000000,NA,NA,NA,210Pb,Model3,208.0000000000,NA,NA,NA,49.4830000000,NA,NA,-11.1330000000,NA,NA,NA,NA,NA,NA,1993.0000000000,6.0000000000,1994.0000000000,6.0000000000
BMID0242,"Soetaert et al. (1996), Van Weering et al. (1995)",D86-01,NA,0.0010000000,0.0060000000,14C,NA,0.2500000000,NA,NA,NA,210Pb,Model 3,3.5000000000,NA,NA,NA,210Pb,Model3,208.0000000000,NA,NA,NA,49.4830000000,NA,NA,-11.1330000000,NA,NA,NA,NA,NA,NA,1993.0000000000,6.0000000000,1994.0000000000,6.0000000000
BMID0243,"Soetaert et al. (1996), Van Weering et al. (1995)",I,NA,0.0010000000,0.0060000000,14C,NA,0.0600000000,NA,NA,NA,210Pb,Model 3,4.2000000000,NA,NA,NA,210Pb,Model3,670.0000000000,NA,NA,NA,49.4170000000,NA,NA,-11.5330000000,NA,NA,NA,NA,NA,NA,1993.0000000000,6.0000000000,1994.0000000000,6.0000000000
BMID0244,"Soetaert et al. (1996), Van Weering et al. (1995)",D86-02,NA,0.0010000000,0.0060000000,14C,NA,0.0800000000,NA,NA,NA,210Pb,Model 3,3.4000000000,NA,NA,NA,210Pb,Model3,670.0000000000,NA,NA,NA,49.4170000000,NA,NA,-11.5330000000,NA,NA,NA,NA,NA,NA,1993.0000000000,6.0000000000,1994.0000000000,6.0000000000
BMID0245,"Soetaert et al. (1996), Van Weering et al. (1995)",B,NA,0.0010000000,0.0060000000,14C,NA,0.2700000000,NA,NA,NA,210Pb,Model 3,1.0000000000,NA,NA,NA,210Pb,Model3,1030.0000000000,NA,NA,NA,49.3670000000,NA,NA,-11.8000000000,NA,NA,NA,NA,NA,NA,1993.0000000000,6.0000000000,1994.0000000000,6.0000000000
BMID0246,"Soetaert et al. (1996), Van Weering et al. (1995)",D86-03,NA,0.0010000000,0.0060000000,14C,NA,0.1400000000,NA,NA,NA,210Pb,Model 3,4.7000000000,NA,NA,NA,210Pb,Model3,1030.0000000000,NA,NA,NA,49.3670000000,NA,NA,-11.8000000000,NA,NA,NA,NA,NA,NA,1993.0000000000,6.0000000000,1994.0000000000,6.0000000000
BMID0247,"Soetaert et al. (1996), Van Weering et al. (1995)",D86-11,NA,0.0010000000,0.0060000000,14C,NA,0.1500000000,NA,NA,NA,210Pb,Model 3,5.8000000000,NA,NA,NA,210Pb,Model3,1120.0000000000,NA,NA,NA,49.0830000000,NA,NA,-11.7330000000,NA,NA,NA,NA,NA,NA,1993.0000000000,6.0000000000,1994.0000000000,6.0000000000
BMID0248,"Soetaert et al. (1996), Van Weering et al. (1995)",D86-08,NA,0.0010000000,0.0060000000,14C,NA,0.1000000000,NA,NA,NA,210Pb,Model 3,1.6000000000,NA,NA,NA,210Pb,Model3,1180.0000000000,NA,NA,NA,49.2330000000,NA,NA,-12.5170000000,NA,NA,NA,NA,NA,NA,1993.0000000000,6.0000000000,1994.0000000000,6.0000000000
BMID0249,"Soetaert et al. (1996), Van Weering et al. (1995)",II,NA,0.0010000000,0.0060000000,14C,NA,0.0400000000,NA,NA,NA,210Pb,Model 3,2.0000000000,NA,NA,NA,210Pb,Model3,1430.0000000000,NA,NA,NA,49.1830000000,NA,NA,-12.8170000000,NA,NA,NA,NA,NA,NA,1993.0000000000,6.0000000000,1994.0000000000,6.0000000000
BMID0250,"Soetaert et al. (1996), Van Weering et al. (1995)",D86-04,0.0001,NA,NA,14C,NA,0.0500000000,NA,NA,NA,210Pb,Model 3,2.7000000000,NA,NA,NA,210Pb,Model3,1430.0000000000,NA,NA,NA,49.1830000000,NA,NA,-12.8330000000,NA,NA,NA,NA,NA,NA,1993.0000000000,6.0000000000,1994.0000000000,6.0000000000
BMID0251,"Soetaert et al. (1996), Van Weering et al. (1995)",C,NA,0.0010000000,0.0060000000,14C,NA,0.0300000000,NA,NA,NA,210Pb,Model 3,8.6000000000,NA,NA,NA,210Pb,Model3,1960.0000000000,NA,NA,NA,49.1670000000,NA,NA,-12.9830000000,NA,NA,NA,NA,NA,NA,1993.0000000000,6.0000000000,1994.0000000000,6.0000000000
BMID0252,"Soetaert et al. (1996), Van Weering et al. (1995)",F,NA,0.0010000000,0.0060000000,14C,NA,0.0040000000,NA,NA,NA,210Pb,Model 3,10.0000000000,NA,NA,NA,210Pb,Model3,2180.0000000000,NA,NA,NA,49.1500000000,NA,NA,-13.0830000000,NA,NA,NA,NA,NA,NA,1993.0000000000,6.0000000000,1994.0000000000,6.0000000000
BMID0253,"Soetaert et al. (1996), Van Weering et al. (1995)",D86-09,NA,0.0010000000,0.0060000000,14C,NA,0.0100000000,NA,NA,NA,210Pb,Model 3,1.1000000000,NA,NA,NA,210Pb,Model3,2220.0000000000,NA,NA,NA,48.8500000000,NA,NA,-12.7500000000,NA,NA,NA,NA,NA,NA,1993.0000000000,6.0000000000,1994.0000000000,6.0000000000
BMID0254,"Soetaert et al. (1996), Van Weering et al. (1995)",D86-05,NA,0.0010000000,0.0060000000,14C,NA,0.0100000000,NA,NA,NA,210Pb,Model 3,3.7000000000,NA,NA,NA,210Pb,Model3,2250.0000000000,NA,NA,NA,49.1670000000,NA,NA,-13.0830000000,NA,NA,NA,NA,NA,NA,1993.0000000000,6.0000000000,1994.0000000000,6.0000000000
BMID0255,"Soetaert et al. (1996), Van Weering et al. (1995)",D86-10,NA,0.0010000000,0.0060000000,14C,NA,0.1000000000,NA,NA,NA,210Pb,Model 3,8.6000000000,NA,NA,NA,210Pb,Model3,2290.0000000000,NA,NA,NA,48.8670000000,NA,NA,-12.6500000000,NA,NA,NA,NA,NA,NA,1993.0000000000,6.0000000000,1994.0000000000,6.0000000000
BMID0256,"Soetaert et al. (1996), Van Weering et al. (1995)",D86-06,NA,0.0010000000,0.0060000000,14C,NA,0.0050000000,NA,NA,NA,210Pb,Model 3,1.2000000000,NA,NA,NA,210Pb,Model3,3680.0000000000,NA,NA,NA,49.0830000000,NA,NA,-13.4330000000,NA,NA,NA,NA,NA,NA,1993.0000000000,6.0000000000,1994.0000000000,6.0000000000
BMID0257,"Soetaert et al. (1996), Van Weering et al. (1995)",D86-07,NA,0.0010000000,0.0060000000,14C,NA,0.0050000000,NA,NA,NA,210Pb,Model 3,4.8000000000,NA,NA,NA,210Pb,Model3,4500.0000000000,NA,NA,NA,49.0330000000,NA,NA,-13.7000000000,NA,NA,NA,NA,NA,NA,1993.0000000000,6.0000000000,1994.0000000000,6.0000000000
BMID0258,Stolze (2016),AMG 408,0.0900000000,NA,NA,210Pb,NA,3.6400000000,NA,NA,NA,210Pb,NA,2.5000000000,NA,NA,NA,210Pb,NA,151.0000000000,NA,NA,NA,71.2870000000,NA,NA,-127.7980000000,NA,NA,NA,NA,NA,NA,2008.0000000000,10.0000000000,2009.0000000000,10.0000000000
BMID0259,Stolze (2016),AMG 437,0.0300000000,NA,NA,210Pb,NA,3.8200000000,NA,NA,NA,210Pb,NA,2.5000000000,NA,NA,NA,210Pb,NA,320.0000000000,NA,NA,NA,71.7820000000,NA,NA,-126.4720000000,NA,NA,NA,NA,NA,NA,2008.0000000000,10.0000000000,2009.0000000000,10.0000000000
BMID0260,Stolze (2016),BS BS,0.0900000000,NA,NA,210Pb,NA,4.5000000000,NA,NA,NA,210Pb,NA,6.5000000000,NA,NA,NA,210Pb,NA,353.0000000000,NA,NA,NA,74.2710000000,NA,NA,-91.2480000000,NA,NA,NA,NA,2008.0000000000,9.0000000000,NA,NA,NA,NA
BMID0261,Stolze (2016),BS 304,0.1000000000,NA,NA,210Pb,NA,6.7200000000,NA,NA,NA,210Pb,NA,3.5000000000,NA,NA,NA,210Pb,NA,333.0000000000,NA,NA,NA,74.3170000000,NA,NA,-91.4030000000,NA,NA,NA,NA,NA,NA,2008.0000000000,10.0000000000,2009.0000000000,10.0000000000
BMID0262,Stolze (2016),LS 301,0.1200000000,NA,NA,210Pb,NA,0.6300000000,NA,NA,NA,210Pb,NA,3.5000000000,NA,NA,NA,210Pb,NA,707.0000000000,NA,NA,NA,74.1530000000,NA,NA,-83.2090000000,NA,NA,NA,NA,2008.0000000000,9.0000000000,NA,NA,NA,NA
BMID0263,Stolze (2016),LS 323,0.0700000000,NA,NA,210Pb,NA,3.2100000000,NA,NA,NA,210Pb,NA,1.5000000000,NA,NA,NA,210Pb,NA,781.0000000000,NA,NA,NA,74.1840000000,NA,NA,-80.6330000000,NA,NA,NA,NA,NA,NA,2008.0000000000,10.0000000000,2009.0000000000,10.0000000000
BMID0264,Stolze (2016),NoW 101,0.1300000000,NA,NA,210Pb,NA,11.9000000000,NA,NA,NA,210Pb,NA,4.5000000000,NA,NA,NA,210Pb,NA,402.0000000000,NA,NA,NA,76.4010000000,NA,NA,-77.4920000000,NA,NA,NA,NA,2008.0000000000,9.0000000000,NA,NA,NA,NA
BMID0265,Stolze (2016),NoW 108,0.0700000000,NA,NA,210Pb,NA,85.6700000000,NA,NA,NA,210Pb,NA,5.5000000000,NA,NA,NA,210Pb,NA,444.0000000000,NA,NA,NA,76.2700000000,NA,NA,-74.5940000000,NA,NA,NA,NA,2008.0000000000,9.0000000000,NA,NA,NA,NA
BMID0266,Stolze (2016),NoW 109,0.0500000000,NA,NA,210Pb,NA,0.8200000000,NA,NA,NA,210Pb,NA,4.5000000000,NA,NA,NA,210Pb,NA,455.0000000000,NA,NA,NA,76.2920000000,NA,NA,-74.1220000000,NA,NA,NA,NA,NA,NA,2008.0000000000,10.0000000000,2009.0000000000,10.0000000000
BMID0267,Stolze (2016),NoW 111,0.1200000000,NA,NA,210Pb,NA,5.1200000000,NA,NA,NA,210Pb,NA,4.5000000000,NA,NA,NA,210Pb,NA,611.0000000000,NA,NA,NA,76.3060000000,NA,NA,-73.2200000000,NA,NA,NA,NA,2008.0000000000,9.0000000000,NA,NA,NA,NA
BMID0268,Stolze (2016),NoW 111b,0.1000000000,NA,NA,210Pb,NA,20.1000000000,NA,NA,NA,210Pb,NA,5.5000000000,NA,NA,NA,210Pb,NA,567.0000000000,NA,NA,NA,76.2850000000,NA,NA,-73.2170000000,NA,NA,NA,NA,NA,NA,2008.0000000000,10.0000000000,2009.0000000000,10.0000000000
BMID0269,Stolze (2016),NoW 115,0.0900000000,NA,NA,210Pb,NA,1.8200000000,NA,NA,NA,210Pb,NA,4.5000000000,NA,NA,NA,210Pb,NA,668.0000000000,NA,NA,NA,76.3260000000,NA,NA,-71.2150000000,NA,NA,NA,NA,2008.0000000000,9.0000000000,NA,NA,NA,NA
BMID0270,Stolze (2016),NoW 115b,0.0600000000,NA,NA,210Pb,NA,0.4500000000,NA,NA,NA,210Pb,NA,4.5000000000,NA,NA,NA,210Pb,NA,674.0000000000,NA,NA,NA,76.3340000000,NA,NA,-71.2390000000,NA,NA,NA,NA,NA,NA,2008.0000000000,10.0000000000,2009.0000000000,10.0000000000
BMID0271,Stolze (2016),NoW 233,0.0700000000,NA,NA,210Pb,NA,1.5300000000,NA,NA,NA,210Pb,NA,5.5000000000,NA,NA,NA,210Pb,NA,696.0000000000,NA,NA,NA,76.7390000000,NA,NA,-71.8440000000,NA,NA,NA,NA,2008.0000000000,9.0000000000,NA,NA,NA,NA
BMID0272,Stolze (2016),RB1_01,0.2000000000,NA,NA,210Pb,NA,4.6900000000,NA,NA,NA,210Pb,NA,5.0000000000,NA,NA,NA,210Pb,NA,NA,200.0000000000,100.0000000000,NA,NA,42.5000000000,43.5000000000,NA,-66.0000000000,-65.0000000000,Fig 3.1 in stolze2016,NA,NA,NA,2009.0000000000,8.0000000000,2010.0000000000,8.0000000000
BMID0273,Stolze (2016),RB1_04,0.1100000000,NA,NA,210Pb,NA,7.9600000000,0.9800000000,NA,NA,210Pb,NA,5.0000000000,9.0000000000,NA,NA,210Pb,NA,NA,200.0000000000,100.0000000000,NA,NA,42.5000000000,43.5000000000,NA,-66.0000000000,-65.0000000000,Fig 3.1 in stolze2016,NA,NA,NA,2009.0000000000,8.0000000000,2010.0000000000,8.0000000000
BMID0274,Stolze (2016),JB3_01,0.1000000000,NA,NA,210Pb,NA,31.6700000000,NA,NA,NA,210Pb,NA,7.0000000000,NA,NA,NA,210Pb,NA,NA,300.0000000000,200.0000000000,NA,NA,43.0000000000,44.0000000000,NA,-66.5000000000,-67.5000000000,Fig 3.1 in stolze2016,NA,NA,NA,2009.0000000000,8.0000000000,2010.0000000000,8.0000000000
BMID0275,Stolze (2016),JB3_04,0.1200000000,NA,NA,210Pb,NA,99.8500000000,NA,NA,NA,210Pb,NA,10.0000000000,NA,NA,NA,210Pb,NA,NA,300.0000000000,200.0000000000,NA,NA,43.0000000000,44.0000000000,NA,-66.5000000000,-67.5000000000,Fig 3.1 in stolze2016,NA,NA,NA,2009.0000000000,8.0000000000,2010.0000000000,8.0000000000
BMID0276,Stolze (2016),JB4_01,0.1100000000,NA,NA,210Pb,NA,0.2700000000,NA,NA,NA,210Pb,NA,5.0000000000,NA,NA,NA,210Pb,NA,NA,300.0000000000,200.0000000000,NA,NA,43.0000000000,44.0000000000,NA,-66.5000000000,-67.5000000000,Fig 3.1 in stolze2016,NA,NA,NA,2009.0000000000,8.0000000000,2010.0000000000,8.0000000000
BMID0277,Stolze (2016),JB5_03,0.3000000000,NA,NA,210Pb,NA,0.1200000000,NA,NA,NA,210Pb,NA,5.0000000000,NA,NA,NA,210Pb,NA,NA,300.0000000000,200.0000000000,NA,NA,43.0000000000,44.0000000000,NA,-66.5000000000,-67.5000000000,Fig 3.1 in stolze2016,NA,NA,NA,2009.0000000000,8.0000000000,2010.0000000000,8.0000000000
BMID0278,Stolze (2016),CB1_01,0.1300000000,NA,NA,210Pb,NA,15.5400000000,NA,NA,NA,210Pb,NA,4.0000000000,NA,NA,NA,210Pb,NA,NA,300.0000000000,200.0000000000,NA,NA,42.5000000000,43.0000000000,NA,-66.5000000000,-67.5000000000,Fig 3.1 in stolze2016,NA,NA,NA,2009.0000000000,8.0000000000,2010.0000000000,8.0000000000
BMID0279,Stolze (2016),CB2_02,0.0600000000,NA,NA,210Pb,NA,0.4800000000,NA,NA,NA,210Pb,NA,4.0000000000,NA,NA,NA,210Pb,NA,NA,300.0000000000,200.0000000000,NA,NA,42.5000000000,43.0000000000,NA,-66.5000000000,-67.5000000000,Fig 3.1 in stolze2016,NA,NA,NA,2009.0000000000,8.0000000000,2010.0000000000,8.0000000000
BMID0280,Stolze (2016),GB3_02,0.0600000000,NA,NA,210Pb,NA,1.4000000000,NA,NA,NA,210Pb,NA,7.0000000000,NA,NA,NA,210Pb,NA,NA,400.0000000000,300.0000000000,NA,NA,42.0000000000,43.0000000000,NA,-66.5000000000,-67.5000000000,Fig 3.1 in stolze2016,NA,NA,NA,2009.0000000000,8.0000000000,2010.0000000000,8.0000000000
BMID0281,Stolze (2016),GB3_05,0.0300000000,NA,NA,210Pb,NA,0.8500000000,NA,NA,NA,210Pb,NA,5.0000000000,NA,NA,NA,210Pb,NA,NA,400.0000000000,300.0000000000,NA,NA,42.0000000000,43.0000000000,NA,-66.5000000000,-67.5000000000,Fig 3.1 in stolze2016,NA,NA,NA,2009.0000000000,8.0000000000,2010.0000000000,8.0000000000
BMID0282,Stolze (2016),NEC3_03,0.1900000000,NA,NA,210Pb,NA,0.1600000000,NA,NA,NA,210Pb,NA,8.0000000000,NA,NA,NA,210Pb,NA,NA,1000.0000000000,500.0000000000,NA,NA,42.0000000000,41.0000000000,NA,-66.0000000000,-65.0000000000,Fig 3.1 in stolze2016,NA,NA,NA,2009.0000000000,8.0000000000,2010.0000000000,8.0000000000
BMID0283,Stolze (2016),GFII,0.2600000000,NA,NA,210Pb,NA,0.1600000000,NA,NA,NA,210Pb,NA,3.5000000000,NA,NA,NA,210Pb,NA,452.0000000000,NA,NA,NA,70.7690000000,NA,NA,-72.2730000000,NA,NA,NA,NA,2008.0000000000,NA,NA,NA,NA,NA
BMID0284,Stolze (2016),602,0.1400000000,NA,NA,210Pb,NA,5.4600000000,NA,NA,NA,210Pb,NA,6.5000000000,NA,NA,NA,210Pb,NA,151.0000000000,NA,NA,NA,59.0540000000,NA,NA,-63.8700000000,NA,NA,NA,NA,2009.0000000000,NA,NA,NA,NA,NA
BMID0285,Stolze (2016),600,0.1100000000,NA,NA,210Pb,NA,7.6600000000,139.9700000000,NA,NA,210Pb,NA,9.5000000000,31.0000000000,NA,NA,210Pb,NA,204.0000000000,NA,NA,NA,59.0920000000,NA,NA,-63.4410000000,NA,NA,NA,NA,2009.0000000000,NA,NA,NA,NA,NA
BMID0286,Stolze (2016),615,0.1600000000,NA,NA,210Pb,NA,10.0000000000,NA,NA,NA,210Pb,NA,5.5000000000,NA,NA,NA,210Pb,NA,138.0000000000,NA,NA,NA,58.3280000000,NA,NA,-63.5450000000,NA,NA,NA,NA,2009.0000000000,NA,NA,NA,NA,NA
BMID0287,Stolze (2016),630,0.1900000000,NA,NA,210Pb,NA,8.5000000000,NA,NA,NA,210Pb,NA,7.5000000000,NA,NA,NA,210Pb,NA,50.0000000000,NA,NA,NA,57.4750000000,NA,NA,-62.0580000000,NA,NA,NA,NA,2009.0000000000,NA,NA,NA,NA,NA
BMID0288,Stolze (2016),624,0.3000000000,NA,NA,210Pb,NA,167.8200000000,NA,NA,NA,210Pb,NA,6.5000000000,NA,NA,NA,210Pb,NA,115.0000000000,NA,NA,NA,56.4380000000,NA,NA,-61.9920000000,NA,NA,NA,NA,2009.0000000000,NA,NA,NA,NA,NA
BMID0289,Zuo et al. (1991),MA6,0.6300000000,NA,NA,210Pb,NA,0.2200000000,NA,NA,NA,210Pb,NA,15.0000000000,NA,NA,NA,210Pb,NA,73.0000000000,NA,NA,NA,NA,42.0000000000,43.5000000000,NA,3.0000000000,6.0000000000,map in zuo1991,NA,1988.0000000000,NA,NA,NA,NA,NA
BMID0290,Zuo et al. (1991),ME1,0.1800000000,NA,NA,210Pb,NA,0.3300000000,NA,NA,NA,210Pb,NA,8.0000000000,NA,NA,NA,210Pb,NA,49.0000000000,NA,NA,NA,NA,42.0000000000,43.5000000000,NA,3.0000000000,6.0000000000,map in zuo1991,NA,1988.0000000000,NA,NA,NA,NA,NA
BMID0291,Zuo et al. (1991),8725,0.1500000000,NA,NA,210Pb,NA,2.0800000000,NA,NA,NA,210Pb,NA,6.0000000000,NA,NA,NA,210Pb,NA,100.0000000000,NA,NA,NA,NA,42.0000000000,43.5000000000,NA,3.0000000000,6.0000000000,map in zuo1991,NA,1987.0000000000,NA,NA,NA,NA,NA
BMID0292,Zuo et al. (1991),8917,0.2000000000,NA,NA,210Pb,NA,1.3300000000,NA,NA,NA,210Pb,NA,8.0000000000,NA,NA,NA,210Pb,NA,90.0000000000,NA,NA,NA,NA,42.0000000000,43.5000000000,NA,3.0000000000,6.0000000000,map in zuo1991,NA,1989.0000000000,NA,NA,NA,NA,NA
BMID0293,Zuo et al (1997) ,90-1,0.4000000000,NA,NA,210Pb,NA,7.0000000000,NA,NA,NA,210Pb,NA,NA,NA,24.0000000000,NA,210Pb,NA,100.0000000000,NA,NA,NA,43.2170000000,NA,NA,4.8500000000,NA,NA,NA,NA,1990.0000000000,NA,NA,NA,NA,NA
BMID0294,Zuo et al (1997) ,90-4,0.2000000000,NA,NA,210Pb,NA,6.0000000000,NA,NA,NA,210Pb,NA,9.0000000000,NA,NA,NA,210Pb,NA,101.0000000000,NA,NA,NA,43.1500000000,NA,NA,4.6670000000,NA,NA,NA,NA,1990.0000000000,NA,NA,NA,NA,NA
BMID0295,Zuo et al (1997) ,90-9,0.2000000000,NA,NA,210Pb,NA,2.0000000000,NA,NA,NA,210Pb,NA,9.0000000000,NA,NA,NA,210Pb,NA,75.0000000000,NA,NA,NA,40.9670000000,NA,NA,1.0670000000,NA,NA,NA,NA,1990.0000000000,NA,NA,NA,NA,NA
BMID0296,Zuo et al (1997) ,90-10,0.0700000000,NA,NA,210Pb,NA,0.5000000000,NA,NA,NA,210Pb,NA,9.0000000000,NA,NA,NA,210Pb,NA,1080.0000000000,NA,NA,NA,40.9830000000,NA,NA,2.1500000000,NA,NA,NA,NA,1990.0000000000,NA,NA,NA,NA,NA
